concurrent_users,requests_per_second,total_requests,successful_requests,cpu_percent,memory_percent,replicas,error_rate_percent,response_time_avg,response_time_max,response_time_p95,response_time_p99,complexity_avg,complexity_max,throughput_per_replica,run_number,scenario_name,timestamp,test_duration,efficiency_score
5,67.5,172,172,0.8,20.7,1,0.0,0.0736,0.083,0.0805,0.0817,50.6,80,67.45,1,micro_load,1754394205,2.5,67.45
8,109.5,232,232,1.0,20.6,1,0.0,0.0716,0.0848,0.0814,0.0828,48.6,80,109.53,2,micro_load,1754394209,2.1,109.53
7,97.1,206,206,1.0,20.6,1,0.0,0.0711,0.0851,0.0806,0.084,49.3,80,97.11,3,micro_load,1754394213,2.1,97.11
5,66.3,202,202,1.2,20.6,1,0.0,0.0747,0.0849,0.0816,0.0835,50.1,80,66.34,4,micro_load,1754394218,3.0,66.34
7,95.0,116,116,1.9,20.7,1,0.0,0.0712,0.0845,0.0821,0.0831,51.5,80,95.01,5,micro_load,1754394221,1.2,95.01
9,122.3,180,180,1.9,20.7,1,0.0,0.0713,0.0882,0.0821,0.0851,50.7,80,122.27,6,micro_load,1754394225,1.5,122.27
5,70.2,188,188,2.0,20.6,1,0.0,0.0702,0.0834,0.0814,0.0832,50.8,80,70.22,7,micro_load,1754394230,2.7,70.22
8,114.0,168,168,1.8,20.6,1,0.0,0.069,0.0853,0.0813,0.0837,51.3,79,113.97,8,micro_load,1754394233,1.5,113.97
6,83.1,228,228,1.9,20.6,1,0.0,0.0714,0.0832,0.0804,0.0828,53.0,80,83.09,9,micro_load,1754394238,2.7,83.09
7,97.9,112,112,2.3,20.6,1,0.0,0.0689,0.0834,0.0823,0.0832,48.4,80,97.86,10,micro_load,1754394241,1.1,97.86
8,107.8,272,272,2.8,20.7,1,0.0,0.0733,0.0831,0.0816,0.0822,99.8,150,107.83,1,light_steady,1754394251,2.5,107.83
14,193.1,332,332,2.6,20.7,1,0.0,0.0704,0.0873,0.0825,0.0838,98.0,150,193.14,2,light_steady,1754394255,1.7,193.14
12,169.2,306,306,2.3,20.7,1,0.0,0.0692,0.087,0.0821,0.0838,100.7,150,169.24,3,light_steady,1754394259,1.8,169.24
9,122.4,302,302,2.4,20.7,1,0.0,0.0723,0.085,0.0823,0.0841,101.7,150,122.42,4,light_steady,1754394263,2.5,122.42
13,172.8,216,216,2.3,20.7,1,0.0,0.0724,0.0859,0.082,0.0846,101.0,150,172.84,5,light_steady,1754394266,1.2,172.84
13,178.7,232,232,2.6,20.7,1,0.0,0.0701,0.0859,0.0834,0.0848,99.4,150,178.7,6,light_steady,1754394270,1.3,178.7
9,125.6,288,288,2.2,20.7,1,0.0,0.0707,0.0843,0.0823,0.0837,100.4,149,125.56,7,light_steady,1754394274,2.3,125.56
15,209.2,268,268,2.4,20.7,1,0.0,0.0698,0.0877,0.0835,0.086,98.6,150,209.17,8,light_steady,1754394278,1.3,209.17
11,148.6,328,328,3.0,20.7,1,0.0,0.0726,0.0906,0.0826,0.0866,102.8,150,148.6,9,light_steady,1754394282,2.2,148.6
12,165.3,212,212,2.6,20.7,1,0.0,0.0711,0.0873,0.0811,0.0832,98.4,150,165.31,10,light_steady,1754394285,1.3,165.31
12,170.0,446,446,3.5,20.7,1,0.0,0.0698,0.0849,0.0819,0.0843,138.9,200,170.0,1,moderate_consistent,1754394295,2.6,170.0
18,254.3,566,566,3.8,20.7,1,0.0,0.0696,0.0898,0.0829,0.0869,137.9,200,254.28,2,moderate_consistent,1754394299,2.2,254.28
16,225.0,512,512,4.0,20.7,1,0.0,0.0697,0.0863,0.082,0.0842,141.4,200,225.03,3,moderate_consistent,1754394304,2.3,225.03
13,187.6,504,504,3.8,20.7,1,0.0,0.0685,0.086,0.0819,0.0837,139.2,200,187.58,4,moderate_consistent,1754394308,2.7,187.58
17,237.2,332,332,4.3,20.7,1,0.0,0.0697,0.0861,0.0825,0.084,141.9,200,237.22,5,moderate_consistent,1754394312,1.4,237.22
20,279.6,460,460,3.7,20.7,1,0.0,0.0689,0.0868,0.0827,0.0843,141.2,200,279.59,6,moderate_consistent,1754394315,1.6,279.59
13,183.3,476,476,4.5,20.7,1,0.0,0.07,0.085,0.082,0.0844,139.1,200,183.25,7,moderate_consistent,1754394320,2.6,183.25
19,271.5,436,436,4.4,20.7,1,0.0,0.0679,0.0868,0.0825,0.0856,138.9,200,271.47,8,moderate_consistent,1754394324,1.6,271.47
15,213.6,556,556,4.4,20.7,1,0.0,0.0694,0.0858,0.0829,0.0846,142.6,200,213.64,9,moderate_consistent,1754394328,2.6,213.64
16,215.8,326,326,5.6,20.7,1,0.0,0.0712,0.0987,0.0839,0.0967,137.3,200,215.83,10,moderate_consistent,1754394332,1.5,215.83
18,256.2,646,646,6.4,20.7,1,0.0,0.0692,0.0859,0.0825,0.0847,184.1,250,256.2,1,business_hours,1754394342,2.5,256.2
24,340.5,766,766,6.9,20.7,1,0.0,0.0689,0.0968,0.0845,0.0911,182.9,250,340.53,2,business_hours,1754394346,2.2,340.53
22,306.9,712,712,6.3,20.7,1,0.0,0.0699,0.0927,0.0839,0.0875,184.7,250,306.88,3,business_hours,1754394350,2.3,306.88
19,268.6,704,704,6.2,20.7,1,0.0,0.0696,0.0888,0.0841,0.0873,186.0,250,268.63,4,business_hours,1754394355,2.6,268.63
23,328.0,532,532,5.0,20.7,1,0.0,0.0681,0.0943,0.0847,0.0896,186.0,250,327.95,5,business_hours,1754394359,1.6,327.95
23,323.5,566,566,6.2,20.7,1,0.0,0.069,0.0905,0.0839,0.0869,185.1,250,323.49,6,business_hours,1754394363,1.7,323.49
19,266.5,676,676,5.8,20.7,1,0.0,0.07,0.0953,0.0835,0.0885,184.1,250,266.52,7,business_hours,1754394367,2.5,266.52
25,348.3,636,636,7.9,20.7,1,0.0,0.0699,0.1069,0.0857,0.0932,186.7,250,348.28,8,business_hours,1754394371,1.8,348.28
21,292.4,756,756,6.1,20.7,1,0.0,0.0708,0.1014,0.0854,0.0887,186.0,250,292.45,9,business_hours,1754394376,2.6,292.45
22,311.0,526,526,9.2,20.7,1,0.0,0.0691,0.0952,0.0852,0.0904,184.0,250,311.01,10,business_hours,1754394379,1.7,311.01
25,344.8,846,846,8.9,20.7,1,0.0,0.0706,0.096,0.0855,0.0911,223.2,300,344.83,1,peak_usage,1754394389,2.5,344.83
31,436.1,966,966,10.1,20.7,1,0.0,0.0698,0.0934,0.0867,0.0908,222.3,300,436.11,2,peak_usage,1754394393,2.2,436.11
29,435.1,912,912,10.1,20.7,1,0.0,0.0654,0.0918,0.0829,0.0873,224.6,300,435.06,3,peak_usage,1754394397,2.1,435.06
26,367.3,904,904,9.3,20.7,1,0.0,0.0695,0.1031,0.0854,0.0897,223.7,300,367.34,4,peak_usage,1754394402,2.5,367.34
30,414.5,732,732,7.3,20.7,1,0.0,0.0696,0.0971,0.0858,0.0911,227.4,300,414.49,5,peak_usage,1754394406,1.8,414.49
33,261.2,860,276,12.1,20.8,1,67.91,0.0711,0.0945,0.0874,0.0914,224.3,300,261.15,6,peak_usage,1754394409,1.1,83.81
32,107.4,836,87,12.1,20.8,1,89.59,0.0823,0.1208,0.1178,0.1208,227.5,299,107.45,8,peak_usage,1754394413,0.8,11.18
28,262.2,956,359,12.1,20.8,1,62.45,0.0695,0.0966,0.0867,0.0936,227.2,300,262.21,9,peak_usage,1754394416,1.4,98.47
29,373.5,726,566,11.6,20.7,1,22.04,0.0713,0.1004,0.0883,0.0937,224.7,300,373.49,10,peak_usage,1754394420,1.5,291.18
41,410.1,1492,1036,11.2,20.7,1,30.56,0.083,0.1307,0.1113,0.122,297.6,400,410.09,1,flash_traffic,1754394429,2.5,284.75
53,204.2,1732,345,12.3,20.7,1,80.08,0.0962,1.0748,0.119,0.1656,296.8,398,204.18,2,flash_traffic,1754394433,1.7,40.67
48,255.8,1626,462,12.3,20.7,1,71.59,0.0925,0.1437,0.1257,0.1367,302.1,400,255.82,3,flash_traffic,1754394437,1.8,72.69
42,252.0,1608,476,12.3,20.8,1,70.4,0.0877,0.1419,0.1302,0.1399,299.3,400,252.01,4,flash_traffic,1754394441,1.9,74.6
51,293.5,1264,436,11.3,20.8,1,65.51,0.1002,0.194,0.1556,0.1799,302.7,400,293.46,5,flash_traffic,1754394444,1.5,101.22
57,275.9,1522,482,7.4,20.8,1,68.33,0.1102,1.0838,0.1863,0.2138,302.8,400,275.91,6,flash_traffic,1754394448,1.7,87.38
42,225.5,1552,362,10.1,20.8,1,76.68,0.0835,0.1388,0.123,0.1378,302.7,398,225.48,7,flash_traffic,1754394452,1.6,52.59
55,32.2,1472,38,10.1,20.8,1,97.42,0.0786,0.0981,0.0941,0.0981,296.3,396,32.2,8,flash_traffic,1754394455,1.2,0.83
48,153.9,1254,177,10.4,20.8,1,85.89,0.1009,0.1499,0.1449,0.1489,300.3,400,153.91,10,flash_traffic,1754394460,1.2,21.72
20,280.0,1892,1892,9.5,20.8,1,0.0,0.0707,0.1014,0.0847,0.0912,175.5,250,280.03,1,sustained_burst,1754394473,6.8,280.03
26,317.8,2132,1338,9.3,20.8,1,37.24,0.0705,1.0717,0.0853,0.0971,173.4,250,317.76,2,sustained_burst,1754394480,4.2,199.42
24,207.7,2026,620,9.1,20.8,1,69.4,0.0729,0.1067,0.0935,0.1026,174.8,250,207.69,3,sustained_burst,1754394485,3.0,63.56
21,265.5,2008,1281,8.7,20.8,1,36.21,0.0702,1.0614,0.0864,0.0988,173.5,250,265.5,4,sustained_burst,1754394492,4.8,169.38
25,267.2,1664,756,9.4,20.8,1,54.57,0.0698,0.1101,0.0869,0.0927,177.4,250,267.17,5,sustained_burst,1754394497,2.8,121.38
28,212.3,1922,526,9.3,20.7,1,72.63,0.0734,1.067,0.089,0.1013,173.7,250,212.28,6,sustained_burst,1754394501,2.5,58.09
27,54.4,1872,92,8.5,20.7,1,95.09,0.0858,0.1256,0.1206,0.1256,177.5,248,54.41,8,sustained_burst,1754394506,1.7,2.67
23,271.8,2114,1735,8.4,20.7,1,17.93,0.0725,1.0674,0.0879,0.1037,174.3,250,271.75,9,sustained_burst,1754394515,6.4,223.03
24,335.7,1654,1654,10.9,20.7,1,0.0,0.071,1.0721,0.0868,0.1125,174.6,250,335.66,10,sustained_burst,1754394522,4.9,335.66
36,382.7,1292,1241,9.3,20.7,1,3.95,0.0928,0.1635,0.1223,0.1447,397.2,500,382.68,1,cpu_spike,1754394532,3.2,367.57
48,201.7,1532,363,10.1,20.7,1,76.31,0.1223,0.2478,0.2428,0.2468,398.6,499,201.73,2,cpu_spike,1754394536,1.8,47.8
43,274.8,1426,560,11.3,20.9,1,60.73,0.1065,0.1822,0.1707,0.1781,402.8,500,274.75,3,cpu_spike,1754394540,2.0,107.9
37,51.9,1352,61,10.2,20.9,1,95.49,0.1093,0.1633,0.1593,0.1633,390.9,488,51.87,7,cpu_spike,1754394546,1.2,2.34
50,367.5,1272,933,12.7,21.0,1,26.65,0.1223,0.2412,0.1987,0.2098,401.7,500,367.51,8,cpu_spike,1754394551,2.5,269.56
42,191.3,1514,334,11.8,21.0,1,77.94,0.1085,0.1975,0.1583,0.1707,404.7,500,191.29,9,cpu_spike,1754394555,1.7,42.2
43,277.4,1054,466,9.7,21.0,1,55.79,0.11,0.1945,0.17,0.1924,399.2,500,277.41,10,cpu_spike,1754394559,1.7,122.65
15,206.0,1092,1092,12.4,20.9,1,0.0,0.0724,1.0722,0.0829,0.0867,61.7,100,205.96,1,io_heavy,1754394571,5.3,205.96
21,260.4,1332,755,13.3,20.9,1,43.32,0.0688,0.1685,0.0829,0.0854,61.3,100,260.45,2,io_heavy,1754394576,2.9,147.63
19,109.0,1226,166,12.5,20.8,1,86.46,0.071,0.0911,0.0871,0.091,58.6,100,108.98,3,io_heavy,1754394580,1.5,14.76
22,23.2,1072,22,12.5,20.8,1,97.95,0.0942,0.1085,0.1065,0.1085,66.9,98,23.2,8,io_heavy,1754394586,0.9,0.48
18,255.7,1314,1314,7.9,20.8,1,0.0,0.07,1.064,0.083,0.0911,63.0,100,255.7,9,io_heavy,1754394593,5.1,255.7
19,266.2,854,854,6.0,20.8,1,0.0,0.0706,0.1113,0.0843,0.1014,62.1,100,266.24,10,io_heavy,1754394599,3.2,266.24
51,477.0,2292,2292,7.0,20.8,1,0.0,0.0863,1.0732,0.1132,0.1291,249.3,350,477.01,1,concurrency_test,1754394611,4.8,477.01
63,437.3,2532,1350,6.8,20.8,1,46.68,0.1035,0.219,0.1554,0.1916,247.0,350,437.29,2,concurrency_test,1754394616,3.1,233.15
58,228.1,2426,549,6.8,20.8,1,77.37,0.1065,0.2214,0.1905,0.2194,246.3,350,228.09,3,concurrency_test,1754394620,2.4,51.62
78,17.1,2078,28,6.2,20.8,1,98.65,0.1239,0.1437,0.1417,0.1437,234.1,350,17.09,4,concurrency_test,1754394624,1.6,0.23
61,38.6,2064,65,5.0,20.8,1,96.85,0.0971,0.1606,0.1566,0.1606,258.0,349,38.61,5,concurrency_test,1754394628,1.7,1.22
67,475.5,2322,1367,10.8,20.9,1,41.13,0.1092,1.0864,0.1667,0.2108,249.3,350,475.48,6,concurrency_test,1754394633,2.9,279.92
52,188.2,2352,410,12.2,20.9,1,82.57,0.0841,0.1291,0.1125,0.122,250.0,350,188.16,7,concurrency_test,1754394637,2.2,32.8
65,449.6,2876,1658,12.0,20.9,1,42.35,0.1078,1.1019,0.1614,0.192,251.6,350,449.56,8,concurrency_test,1754394643,3.7,259.17
58,93.8,2054,281,13.1,21.0,1,86.32,0.104,1.0723,0.1354,0.1576,249.5,349,93.81,10,concurrency_test,1754394650,3.0,12.83
11,148.6,984,984,13.3,20.9,1,0.0,0.073,1.0733,0.1253,0.1614,171.2,300,148.58,1,morning_ramp,1754394664,6.6,148.58
23,355.6,1464,1464,9.8,20.7,1,0.0,0.064,0.1066,0.0826,0.0867,171.3,300,355.56,2,morning_ramp,1754394670,4.1,355.56
18,243.7,1254,762,9.8,20.7,1,39.23,0.0631,0.0919,0.0817,0.0858,179.9,300,243.69,3,morning_ramp,1754394676,3.1,148.08
38,273.3,556,460,10.4,20.7,1,17.27,0.0812,1.227,0.2112,0.2299,172.4,300,273.28,4,morning_ramp,1754394679,1.7,226.09
21,27.8,528,17,10.4,20.7,1,96.78,0.1982,0.208,0.208,0.208,163.4,285,27.79,5,morning_ramp,1754394682,0.6,0.89
27,22.6,1046,41,9.4,20.7,1,96.08,0.2881,1.2385,0.2857,1.2385,184.8,296,22.62,6,morning_ramp,1754394686,1.8,0.89
12,59.9,1104,1104,6.2,20.7,1,0.0,0.1986,1.1574,0.2878,0.3038,174.0,300,59.92,7,morning_ramp,1754394707,18.4,59.92
25,105.4,944,944,6.3,20.7,1,0.0,0.2269,1.2287,0.2775,0.2959,176.8,300,105.38,8,morning_ramp,1754394718,9.0,105.38
17,90.1,1428,1428,5.1,20.8,1,0.0,0.1824,2.1351,0.2462,0.4649,175.1,300,90.15,9,morning_ramp,1754394736,15.8,90.15
18,119.0,510,510,4.5,20.8,1,0.0,0.1486,1.136,0.1727,0.1791,173.7,299,118.95,10,morning_ramp,1754394743,4.3,118.95
16,63.6,892,892,4.7,20.7,1,0.0,0.2498,2.3325,0.3001,1.2411,149.1,200,63.57,1,evening_decline,1754394764,14.0,63.57
28,109.8,1132,1132,3.8,20.7,1,0.0,0.2526,1.29,0.2946,0.7069,149.0,200,109.77,2,evening_decline,1754394776,10.3,109.77
23,135.3,1026,1026,3.4,20.7,1,0.0,0.1687,1.2772,0.2926,0.6924,150.5,200,135.31,3,evening_decline,1754394786,7.6,135.31
17,79.6,1008,1008,4.7,20.8,1,0.0,0.2119,1.256,0.2885,0.295,149.9,200,79.57,4,evening_decline,1754394801,12.7,79.57
26,95.0,664,664,5.3,20.8,1,0.0,0.269,0.3168,0.3018,0.3119,151.0,200,94.99,5,evening_decline,1754394810,7.0,94.99
25,92.7,734,734,5.0,20.8,1,0.0,0.2642,0.3161,0.2955,0.3008,150.0,200,92.68,6,evening_decline,1754394820,7.9,92.68
17,62.5,952,952,4.2,20.8,1,0.0,0.2683,0.3163,0.2975,0.3122,150.1,200,62.46,7,evening_decline,1754394838,15.2,62.46
30,108.1,872,872,2.9,20.8,1,0.0,0.2701,0.7335,0.2971,0.3062,150.6,200,108.14,8,evening_decline,1754394848,8.1,108.14
22,81.7,1114,1114,4.2,20.7,1,0.0,0.2674,0.6947,0.3015,0.3144,150.3,200,81.7,9,evening_decline,1754394864,13.6,81.7
23,84.2,654,654,3.6,20.7,1,0.0,0.2684,0.7101,0.3005,0.315,149.6,200,84.21,10,evening_decline,1754394874,7.8,84.21
21,103.9,1384,1384,4.3,20.8,1,0.0,0.2015,1.1741,0.2787,0.2961,271.8,400,103.94,1,lunch_spike,1754394895,13.3,103.94
33,472.1,1864,1864,5.1,20.7,1,0.0,0.0688,0.099,0.0861,0.0919,272.3,400,472.13,2,lunch_spike,1754394901,3.9,472.13
28,397.8,1654,1654,4.5,20.7,1,0.0,0.0695,0.0998,0.0864,0.0907,276.7,400,397.81,3,lunch_spike,1754394907,4.2,397.81
48,539.8,956,956,9.6,20.8,1,0.0,0.086,0.1295,0.1131,0.1212,276.2,400,539.77,4,lunch_spike,1754394911,1.8,539.77
31,443.8,928,928,11.1,20.8,1,0.0,0.0681,0.0919,0.0853,0.0899,278.1,400,443.83,5,lunch_spike,1754394915,2.1,443.83
37,510.7,1446,1446,13.2,20.8,1,0.0,0.0712,0.1149,0.0925,0.1007,275.9,400,510.71,6,lunch_spike,1754394920,2.8,510.71
22,311.9,1504,1504,11.9,20.8,1,0.0,0.0699,0.1018,0.0848,0.089,275.7,400,311.89,7,lunch_spike,1754394927,4.8,311.89
35,498.2,1344,1344,20.2,20.8,1,0.0,0.0691,0.103,0.0865,0.093,276.1,400,498.23,8,lunch_spike,1754394931,2.7,498.23
27,259.6,1828,748,20.2,20.8,1,59.08,0.0711,0.1315,0.0908,0.1043,278.4,400,259.56,9,lunch_spike,1754394936,2.9,106.21
28,221.2,910,274,20.2,20.8,1,69.89,0.0702,0.0992,0.0899,0.0988,270.7,398,221.17,10,lunch_spike,1754394940,1.2,66.6
26,240.1,1292,473,20.6,20.7,1,63.39,0.071,0.1177,0.0914,0.1086,199.4,250,240.05,1,afternoon_drop,1754394949,2.0,87.88
38,151.4,1532,238,20.6,20.7,1,84.46,0.0757,0.1361,0.1157,0.133,199.6,250,151.43,2,afternoon_drop,1754394952,1.6,23.52
33,159.7,1426,259,19.8,20.7,1,81.84,0.0754,0.1228,0.1042,0.1198,200.2,250,159.66,3,afternoon_drop,1754394956,1.6,29.0
27,51.1,1408,69,17.7,20.8,1,95.1,0.0727,0.0945,0.0898,0.0945,203.2,250,51.07,4,afternoon_drop,1754394960,1.4,2.5
36,222.3,1064,270,16.2,20.8,1,74.62,0.07,0.0984,0.0859,0.0944,203.2,250,222.33,5,afternoon_drop,1754394963,1.2,56.42
42,281.7,1322,445,11.8,20.8,1,66.34,0.0794,0.1647,0.1445,0.1617,198.5,250,281.72,6,afternoon_drop,1754394966,1.6,94.83
27,108.5,1352,158,12.5,20.8,1,88.31,0.0707,0.0993,0.0881,0.0952,203.9,249,108.52,7,afternoon_drop,1754394970,1.5,12.68
40,179.6,1272,241,11.4,20.8,1,81.05,0.0823,1.0961,0.1285,0.153,199.2,250,179.61,8,afternoon_drop,1754394973,1.3,34.03
32,198.2,1514,355,11.0,20.8,1,76.55,0.075,0.1162,0.1054,0.1145,202.0,250,198.17,9,afternoon_drop,1754394977,1.8,46.47
33,200.8,1054,246,9.8,20.7,1,76.66,0.0746,0.1248,0.1168,0.1238,197.9,250,200.85,10,afternoon_drop,1754394981,1.2,46.88
27,241.2,1584,598,5.7,20.8,1,62.25,0.0735,1.0787,0.09,0.1163,270.3,450,241.15,1,volatile_traffic,1754394990,2.5,91.04
51,176.1,2064,358,5.7,20.8,1,82.66,0.0909,0.1892,0.128,0.1337,267.5,450,176.14,2,volatile_traffic,1754394994,2.0,30.55
60,56.0,1646,88,6.0,20.7,1,94.65,0.123,0.1922,0.1771,0.1922,282.2,450,55.97,6,volatile_traffic,1754395002,1.6,2.99
29,199.3,1704,436,5.5,20.7,1,74.41,0.076,0.1512,0.1076,0.1371,271.6,450,199.35,7,volatile_traffic,1754395006,2.2,51.01
56,190.7,1544,316,5.9,20.8,1,79.53,0.1066,0.1995,0.1894,0.198,273.1,450,190.74,8,volatile_traffic,1754395010,1.7,39.04
40,230.3,2028,539,4.9,20.8,1,73.42,0.079,0.2075,0.1098,0.1167,275.2,449,230.31,9,volatile_traffic,1754395015,2.3,61.21
42,352.5,1110,644,5.2,20.8,1,41.98,0.0823,1.074,0.1147,0.126,269.3,449,352.49,10,volatile_traffic,1754395018,1.8,204.51
62,412.3,2984,2984,8.7,21.0,1,0.0,0.1484,0.3375,0.2049,0.2645,399.7,500,412.27,1,stress_test,1754395033,7.2,412.27
86,412.0,3464,3464,9.8,21.0,1,0.0,0.2059,0.3804,0.2715,0.2868,399.2,500,411.98,2,stress_test,1754395043,8.4,411.98
77,373.7,3254,2540,22.3,21.0,1,21.94,0.1848,1.1847,0.2569,0.2856,400.4,500,373.72,3,stress_test,1754395052,6.8,291.72
64,223.4,3218,909,21.5,21.0,1,71.75,0.151,0.312,0.2053,0.2725,398.4,500,223.42,4,stress_test,1754395058,4.1,63.11
82,68.5,2528,163,25.3,20.9,1,93.55,0.1652,0.2907,0.2323,0.2847,401.3,500,68.49,5,stress_test,1754395063,2.4,4.42
95,129.6,3046,447,24.1,20.9,1,85.33,0.2401,0.4137,0.3213,0.3788,408.4,500,129.57,6,stress_test,1754395068,3.4,19.01
64,75.6,3104,227,30.3,20.9,1,92.69,0.1635,0.3939,0.2376,0.2523,398.2,496,75.64,7,stress_test,1754395073,3.0,5.53
91,118.8,2944,340,28.1,20.9,1,88.45,0.1756,0.2917,0.2602,0.2874,396.7,500,118.81,8,stress_test,1754395078,2.9,13.72
75,77.8,3428,260,27.8,20.8,1,92.42,0.2012,0.3876,0.3547,0.3684,394.0,500,77.83,9,stress_test,1754395084,3.3,5.9
77,183.6,2510,545,16.8,20.8,1,78.29,0.1891,0.4304,0.2805,0.4153,399.6,500,183.58,10,stress_test,1754395089,3.0,39.86
37,277.2,1984,734,14.8,21.0,1,63.0,0.0793,0.1243,0.105,0.1171,320.0,450,277.19,1,endurance_run,1754395098,2.6,102.55
61,101.7,2464,246,7.0,21.2,1,90.02,0.1151,0.2006,0.1798,0.1927,321.2,450,101.69,2,endurance_run,1754395103,2.4,10.15
52,26.9,2254,57,6.6,21.2,1,97.47,0.1199,0.1751,0.1671,0.1751,325.9,446,26.93,3,endurance_run,1754395107,2.1,0.68
39,202.3,2218,524,8.2,21.0,1,76.38,0.0844,1.0927,0.105,0.1149,322.9,450,202.28,4,endurance_run,1754395112,2.6,47.79
57,189.4,1528,334,8.2,21.0,1,78.14,0.1186,1.0942,0.1814,0.1905,327.9,450,189.35,5,endurance_run,1754395116,1.8,41.39
70,27.7,2046,51,8.3,21.0,1,97.51,0.0749,0.1072,0.087,0.1072,320.0,447,27.74,6,endurance_run,1754395120,1.8,0.69
39,35.2,2104,67,8.3,21.0,1,96.82,0.1012,0.1545,0.1423,0.1545,309.5,447,35.19,7,endurance_run,1754395124,1.9,1.12
66,201.3,1944,428,8.3,21.0,1,77.98,0.1288,0.267,0.1934,0.2238,322.9,450,201.34,8,endurance_run,1754395128,2.1,44.33
50,194.3,2428,540,6.8,21.0,1,77.76,0.1071,0.2193,0.1893,0.2042,330.4,450,194.26,9,endurance_run,1754395133,2.8,43.2
52,205.8,1510,349,6.6,21.0,1,76.89,0.105,0.1897,0.1456,0.1757,319.7,449,205.81,10,endurance_run,1754395136,1.7,47.57
82,358.1,3584,2056,7.1,21.1,1,42.63,0.1836,1.1508,0.265,0.4394,375.1,500,358.08,1,peak_stress,1754395149,5.7,205.42
106,410.4,4064,3087,7.4,21.2,1,24.04,0.2356,1.2766,0.3205,0.4225,373.2,500,410.43,2,peak_stress,1754395159,7.5,311.76
97,405.2,3854,3117,10.4,21.2,1,19.12,0.2156,1.1866,0.2914,0.3181,375.2,500,405.19,3,peak_stress,1754395169,7.7,327.71
84,354.8,3818,2136,17.5,21.3,1,44.05,0.1885,1.3369,0.2793,0.3605,373.8,500,354.84,4,peak_stress,1754395177,6.0,198.51
102,90.6,3128,258,24.7,21.2,1,91.75,0.1981,1.255,0.2996,0.3207,375.4,497,90.64,5,peak_stress,1754395182,2.8,7.48
115,28.3,3646,93,24.4,21.2,1,97.45,0.1489,0.2694,0.2269,0.2694,390.5,499,28.27,6,peak_stress,1754395187,3.3,0.72
84,163.2,3704,632,24.4,21.2,1,82.94,0.1812,0.3106,0.2734,0.3026,372.6,499,163.23,7,peak_stress,1754395193,3.9,27.85
111,71.2,4752,315,25.5,21.2,1,93.37,0.2404,0.4062,0.3749,0.3911,383.6,500,71.19,8,peak_stress,1754395199,4.4,4.72
95,69.3,4716,308,19.0,21.2,1,93.47,0.1957,1.2147,0.4134,0.4814,378.9,500,69.32,9,peak_stress,1754395206,4.4,4.53
97,180.3,3110,638,18.7,21.3,1,79.49,0.2052,0.355,0.2757,0.2865,372.3,500,180.33,10,peak_stress,1754395211,3.5,36.99
26,282.8,1292,1015,9.9,21.3,1,21.44,0.0861,1.0981,0.107,0.118,497.6,600,282.84,1,cpu_intensive,1754395222,3.6,222.2
38,38.2,1532,60,9.5,21.3,1,96.08,0.148,0.2218,0.2198,0.2218,505.2,599,38.21,2,cpu_intensive,1754395226,1.6,1.5
33,135.2,1426,424,7.4,21.2,1,70.27,0.1304,1.1826,0.172,0.2048,496.4,599,135.2,3,cpu_intensive,1754395231,3.1,40.2
27,149.9,1408,436,7.0,21.2,1,69.03,0.1304,1.1377,0.1721,0.1996,503.2,600,149.9,4,cpu_intensive,1754395236,2.9,46.42
36,48.5,1064,57,10.4,21.1,1,94.64,0.1586,0.2326,0.2266,0.2326,501.6,595,48.48,5,cpu_intensive,1754395239,1.2,2.6
42,55.8,1322,79,10.4,21.1,1,94.02,0.1649,0.2314,0.2264,0.2314,519.2,596,55.78,6,cpu_intensive,1754395243,1.4,3.33
27,158.9,1352,397,11.0,21.1,1,70.64,0.0896,1.0855,0.1207,0.1427,500.4,599,158.93,7,cpu_intensive,1754395247,2.5,46.67
40,134.0,1272,321,9.6,21.0,1,74.76,0.1309,1.0775,0.1996,0.2236,504.7,600,134.0,8,cpu_intensive,1754395252,2.4,33.82
32,221.1,1514,592,9.1,21.0,1,60.9,0.1044,1.0862,0.1542,0.1713,503.2,600,221.06,9,cpu_intensive,1754395257,2.7,86.44
16,224.5,892,892,9.7,21.1,1,0.0,0.0706,1.0811,0.0829,0.0867,99.1,150,224.51,1,long_duration,1754395269,4.0,224.51
28,359.4,1132,1132,11.5,21.1,1,0.0,0.0683,1.0647,0.0837,0.0875,99.0,150,359.41,2,long_duration,1754395274,3.1,359.41
23,278.6,1026,1026,9.8,21.1,1,0.0,0.0697,1.0756,0.0837,0.0907,100.5,150,278.61,3,long_duration,1754395280,3.7,278.61
17,236.7,1008,1008,7.5,21.1,1,0.0,0.0709,0.1103,0.0837,0.1022,99.9,150,236.73,4,long_duration,1754395286,4.3,236.73
26,376.5,664,664,10.2,21.0,1,0.0,0.0671,0.0917,0.0827,0.0867,101.0,150,376.5,5,long_duration,1754395290,1.8,376.5
32,423.4,922,922,10.4,21.0,1,0.0,0.0695,1.0751,0.0897,0.103,99.9,150,423.36,6,long_duration,1754395294,2.2,423.36
17,241.1,952,952,10.7,21.0,1,0.0,0.0697,0.0944,0.0827,0.0876,100.1,150,241.08,7,long_duration,1754395300,3.9,241.08
30,431.7,872,872,10.7,21.0,1,0.0,0.0675,0.0968,0.0848,0.0897,100.6,150,431.73,8,long_duration,1754395304,2.0,431.73
22,193.7,1114,1114,10.3,21.0,1,0.0,0.1072,1.1024,0.1453,0.1741,100.3,150,193.65,9,long_duration,1754395312,5.8,193.65
23,354.8,654,654,10.3,21.0,1,0.0,0.0636,0.0878,0.0814,0.0848,99.6,150,354.83,10,long_duration,1754395316,1.8,354.83
8,113.4,232,232,0.4,20.3,2,0.0,0.0693,0.0865,0.0817,0.0834,48.6,80,56.68,1,micro_load,1754398059,2.0,56.68
7,95.7,206,206,0.4,20.3,2,0.0,0.0719,0.083,0.0802,0.0824,49.3,80,47.86,2,micro_load,1754398063,2.2,47.86
5,70.0,202,202,0.5,20.3,2,0.0,0.0705,0.0833,0.0813,0.083,50.1,80,35.0,3,micro_load,1754398068,2.9,35.0
7,96.0,116,116,0.6,20.3,2,0.0,0.0712,0.0841,0.0824,0.0832,51.5,80,47.99,4,micro_load,1754398072,1.2,47.99
9,124.1,180,180,0.5,20.3,2,0.0,0.0702,0.0943,0.0818,0.0902,50.7,80,62.07,5,micro_load,1754398075,1.4,62.07
5,66.4,188,188,0.9,20.4,2,0.0,0.0739,0.0872,0.0814,0.0855,50.8,80,33.21,6,micro_load,1754398080,2.8,33.21
8,114.0,168,168,1.0,20.4,2,0.0,0.0686,0.0855,0.0812,0.0835,51.3,79,57.0,7,micro_load,1754398084,1.5,57.0
6,87.2,228,228,1.0,20.4,2,0.0,0.0684,0.0836,0.0822,0.083,53.0,80,43.61,8,micro_load,1754398088,2.6,43.61
7,95.6,112,112,1.3,20.4,2,0.0,0.072,0.0844,0.0805,0.0824,48.4,80,47.78,9,micro_load,1754398092,1.2,47.78
9,119.7,154,154,1.3,20.4,2,0.0,0.0724,0.0832,0.0817,0.0832,48.9,80,59.83,10,micro_load,1754398095,1.3,59.83
14,193.3,332,332,1.3,20.4,2,0.0,0.0703,0.087,0.0819,0.0834,98.0,150,96.63,1,light_steady,1754398104,1.7,96.63
12,167.3,306,306,1.3,20.4,2,0.0,0.0705,0.0904,0.0839,0.0875,100.7,150,83.63,2,light_steady,1754398108,1.8,83.63
9,122.5,302,302,1.4,20.4,2,0.0,0.0723,0.0855,0.0811,0.0829,101.7,150,61.27,3,light_steady,1754398112,2.5,61.27
13,181.9,216,216,1.2,20.4,2,0.0,0.0697,0.0861,0.0812,0.0851,101.0,150,90.97,4,light_steady,1754398115,1.2,90.97
13,178.8,232,232,1.1,20.4,2,0.0,0.0706,0.0851,0.0811,0.0849,99.4,150,89.42,5,light_steady,1754398119,1.3,89.42
9,122.4,288,288,1.6,20.4,2,0.0,0.073,0.083,0.0812,0.083,100.4,149,61.18,6,light_steady,1754398123,2.4,61.18
15,203.5,268,268,1.6,20.4,2,0.0,0.0709,0.0855,0.0826,0.0854,98.6,150,101.76,7,light_steady,1754398127,1.3,101.76
11,151.0,328,328,1.7,20.4,2,0.0,0.0715,0.0859,0.0822,0.0844,102.8,150,75.52,8,light_steady,1754398131,2.2,75.52
12,162.6,212,212,1.6,20.4,2,0.0,0.0719,0.0838,0.0809,0.0831,98.4,150,81.3,9,light_steady,1754398134,1.3,81.3
11,152.4,316,316,1.5,20.4,2,0.0,0.0705,0.0858,0.082,0.0844,99.9,150,76.2,10,light_steady,1754398138,2.1,76.2
18,248.8,566,566,1.9,20.4,2,0.0,0.0713,0.1086,0.0884,0.1017,137.9,200,124.38,1,moderate_consistent,1754398148,2.3,124.38
16,220.1,512,512,2.1,20.4,2,0.0,0.0714,0.1,0.0839,0.0973,141.4,200,110.05,2,moderate_consistent,1754398152,2.3,110.05
13,180.6,504,504,2.1,20.4,2,0.0,0.0712,0.0852,0.0813,0.0842,139.2,200,90.31,3,moderate_consistent,1754398157,2.8,90.31
17,238.1,332,332,2.3,20.4,2,0.0,0.0691,0.0888,0.0828,0.0859,141.9,200,119.06,4,moderate_consistent,1754398160,1.4,119.06
20,276.9,460,460,2.0,20.4,2,0.0,0.0709,0.0886,0.0821,0.0852,141.2,200,138.46,5,moderate_consistent,1754398164,1.7,138.46
13,181.8,476,476,2.6,20.4,2,0.0,0.0704,0.0851,0.0814,0.0838,139.1,200,90.9,6,moderate_consistent,1754398169,2.6,90.9
19,267.4,436,436,2.7,20.4,2,0.0,0.0696,0.0887,0.0817,0.0851,138.9,200,133.71,7,moderate_consistent,1754398172,1.6,133.71
15,208.4,556,556,2.6,20.4,2,0.0,0.0711,0.0846,0.082,0.0837,142.6,200,104.2,8,moderate_consistent,1754398177,2.7,104.2
16,221.5,326,326,3.0,20.4,2,0.0,0.0705,0.0843,0.0816,0.0835,137.3,200,110.73,9,moderate_consistent,1754398181,1.5,110.73
15,210.5,532,532,3.0,20.4,2,0.0,0.0705,0.0872,0.0825,0.0843,138.8,200,105.27,10,moderate_consistent,1754398185,2.5,105.27
24,335.3,766,766,2.9,20.4,2,0.0,0.0701,0.0987,0.0847,0.0891,182.9,250,167.64,1,business_hours,1754398195,2.3,167.64
22,309.1,712,712,3.5,20.4,2,0.0,0.07,0.0894,0.0825,0.0852,184.7,250,154.54,2,business_hours,1754398199,2.3,154.54
19,268.3,704,704,3.3,20.4,2,0.0,0.0697,0.0871,0.0828,0.0854,186.0,250,134.16,3,business_hours,1754398204,2.6,134.16
23,330.7,532,532,2.7,20.4,2,0.0,0.0678,0.0915,0.0841,0.0885,186.0,250,165.37,4,business_hours,1754398207,1.6,165.37
23,333.0,566,566,3.8,20.4,2,0.0,0.0675,0.0897,0.082,0.0859,185.1,250,166.49,5,business_hours,1754398211,1.7,166.49
19,267.0,676,676,3.4,20.4,2,0.0,0.07,0.0902,0.0821,0.0867,184.1,250,133.5,6,business_hours,1754398216,2.5,133.5
25,354.6,636,636,4.2,20.4,2,0.0,0.0692,0.0941,0.0831,0.0911,186.7,250,177.32,7,business_hours,1754398220,1.8,177.32
21,294.1,756,756,4.3,20.4,2,0.0,0.0697,0.0997,0.0834,0.0914,186.0,250,147.03,8,business_hours,1754398224,2.6,147.03
22,306.1,526,526,4.0,20.4,2,0.0,0.0696,0.0935,0.0837,0.0872,184.0,250,153.04,9,business_hours,1754398228,1.7,153.04
21,292.7,732,732,4.7,20.4,2,0.0,0.0707,0.0901,0.0837,0.0863,184.8,250,146.34,10,business_hours,1754398233,2.5,146.34
31,446.1,966,966,5.6,20.5,2,0.0,0.0679,0.0932,0.0837,0.0877,222.3,300,223.05,1,peak_usage,1754398242,2.2,223.05
29,414.5,912,912,4.6,20.5,2,0.0,0.0685,0.0923,0.0834,0.0893,224.6,300,207.24,2,peak_usage,1754398246,2.2,207.24
26,368.0,904,904,5.3,20.4,2,0.0,0.0696,0.0934,0.0833,0.0888,223.7,300,184.01,3,peak_usage,1754398251,2.5,184.01
30,425.2,732,732,4.9,20.4,2,0.0,0.0686,0.0974,0.0835,0.0878,227.4,300,212.58,4,peak_usage,1754398254,1.7,212.58
33,462.4,860,860,4.9,20.4,2,0.0,0.0693,0.0995,0.0859,0.0928,224.4,300,231.19,5,peak_usage,1754398258,1.9,231.19
26,104.6,876,90,6.1,20.4,2,89.73,0.0704,0.0922,0.0902,0.0922,225.9,299,52.32,6,peak_usage,1754398261,0.9,5.38
29,143.9,726,114,5.8,20.4,2,84.3,0.0828,0.1295,0.1204,0.1295,217.5,298,71.95,9,peak_usage,1754398266,0.8,11.3
34,377.1,810,480,5.9,20.4,2,40.74,0.0725,0.1004,0.0908,0.0974,225.2,300,188.53,10,peak_usage,1754398269,1.3,111.72
53,536.3,1732,1001,5.4,20.4,2,42.21,0.069,0.11,0.0883,0.0954,298.1,400,268.14,1,flash_traffic,1754398278,1.9,154.97
48,222.1,1626,332,5.7,20.4,2,79.58,0.0696,0.1018,0.0889,0.0958,302.2,400,111.04,2,flash_traffic,1754398282,1.5,22.67
42,280.4,1608,460,5.2,20.4,2,71.39,0.0696,0.1047,0.0886,0.0966,300.8,400,140.19,3,flash_traffic,1754398285,1.6,40.11
51,354.3,1264,476,4.5,20.4,2,62.34,0.0807,0.1572,0.1256,0.1459,300.8,400,177.17,4,flash_traffic,1754398289,1.3,66.72
57,280.5,1522,436,5.6,20.4,2,71.35,0.0897,0.164,0.1485,0.16,296.9,400,140.27,5,flash_traffic,1754398292,1.6,40.18
42,181.7,1552,272,5.4,20.4,2,82.47,0.0778,0.143,0.1159,0.141,301.7,397,90.85,6,flash_traffic,1754398296,1.5,15.92
55,300.6,1472,414,5.1,20.5,2,71.88,0.077,0.1479,0.1299,0.1428,298.5,400,150.28,7,flash_traffic,1754398299,1.4,42.27
47,133.5,1714,197,4.8,20.5,2,88.51,0.0697,0.1055,0.0887,0.1033,308.8,400,66.77,8,flash_traffic,1754398303,1.5,7.67
48,304.6,1254,532,4.2,20.5,2,57.58,0.0736,1.0674,0.0934,0.1032,298.9,400,152.32,9,flash_traffic,1754398307,1.7,64.62
26,327.2,2132,1479,4.7,20.5,2,30.63,0.0709,0.1324,0.0906,0.1203,173.3,250,163.62,1,sustained_burst,1754398319,4.5,113.51
24,222.8,2026,708,4.6,20.5,2,65.05,0.0727,0.117,0.0995,0.1119,174.0,250,111.38,2,sustained_burst,1754398325,3.2,38.92
21,198.9,2008,654,4.9,20.5,2,67.43,0.0703,0.1386,0.0868,0.1146,175.2,250,99.47,3,sustained_burst,1754398330,3.3,32.4
25,300.6,1664,1001,4.4,20.5,2,39.84,0.0685,0.1261,0.089,0.109,177.1,250,150.3,4,sustained_burst,1754398335,3.3,90.42
28,263.7,1922,768,5.3,20.5,2,60.04,0.0709,0.1306,0.0993,0.1155,176.9,250,131.84,5,sustained_burst,1754398340,2.9,52.68
21,220.6,1952,813,4.9,20.5,2,58.35,0.069,0.1155,0.0898,0.1111,174.7,250,110.31,6,sustained_burst,1754398346,3.7,45.94
27,244.3,1872,700,4.8,20.5,2,62.61,0.0692,0.1181,0.0907,0.1121,177.0,250,122.14,7,sustained_burst,1754398351,2.9,45.67
23,182.9,2114,528,4.2,20.5,2,75.02,0.0662,0.0897,0.0814,0.0857,177.5,250,91.44,8,sustained_burst,1754398356,2.9,22.84
24,22.7,1654,34,5.4,20.5,2,97.94,0.0816,0.1052,0.1042,0.1052,176.1,248,11.36,9,sustained_burst,1754398360,1.5,0.23
29,381.3,1820,1489,5.5,20.5,2,18.19,0.0694,0.2332,0.088,0.1576,175.3,250,190.64,10,sustained_burst,1754398366,3.9,155.97
48,665.1,1532,1532,5.2,20.5,2,0.0,0.0705,0.1183,0.0918,0.1017,397.8,500,332.57,1,cpu_spike,1754398375,2.3,332.57
43,599.0,1426,1318,5.4,20.5,2,7.57,0.0687,0.1064,0.0878,0.0926,399.5,500,299.49,2,cpu_spike,1754398379,2.2,276.8
37,69.5,1408,89,5.3,20.5,2,93.68,0.0762,0.1018,0.0978,0.1018,400.3,500,34.73,3,cpu_spike,1754398383,1.3,2.2
46,111.7,1064,111,5.3,20.5,2,89.57,0.0929,0.1809,0.175,0.1789,401.0,495,55.84,4,cpu_spike,1754398386,1.0,5.83
45,354.0,1134,492,6.2,20.5,2,56.61,0.0775,0.2916,0.1167,0.1416,400.6,500,177.0,5,cpu_spike,1754398389,1.4,76.79
41,455.3,1466,948,5.8,20.5,2,35.33,0.0719,0.1394,0.0949,0.1243,397.8,500,227.66,10,cpu_spike,1754398398,2.1,147.22
21,305.2,1332,1278,7.8,20.5,2,4.05,0.068,0.0919,0.0825,0.0854,61.7,100,152.58,1,io_heavy,1754398409,4.2,146.4
19,196.3,1226,463,8.0,20.5,2,62.23,0.0688,0.1046,0.0828,0.0906,62.8,100,98.14,2,io_heavy,1754398414,2.4,37.06
16,139.8,1208,286,7.6,20.5,2,76.32,0.0689,0.0871,0.0831,0.0858,61.1,100,69.88,3,io_heavy,1754398418,2.0,16.54
20,264.5,864,606,8.2,20.5,2,29.86,0.0684,0.0882,0.0827,0.0855,64.1,100,132.24,4,io_heavy,1754398422,2.3,92.75
23,98.9,1122,130,7.1,20.5,2,88.41,0.0775,0.1448,0.1334,0.1384,64.4,100,49.43,5,io_heavy,1754398425,1.3,5.73
16,179.7,1152,463,6.0,20.5,2,59.81,0.0685,0.0881,0.0821,0.0861,62.2,100,89.85,6,io_heavy,1754398430,2.6,36.11
24,272.0,1020,966,4.3,20.5,2,5.29,0.0691,1.0682,0.0887,0.1093,62.2,100,136.02,10,io_heavy,1754398438,3.6,128.82
63,631.1,2532,1722,3.4,20.5,2,31.99,0.0744,0.1873,0.118,0.1632,248.6,350,315.55,1,concurrency_test,1754398448,2.7,214.6
58,181.1,2426,422,3.5,20.5,2,82.61,0.0795,0.1979,0.1585,0.1868,249.7,350,90.55,2,concurrency_test,1754398453,2.3,15.75
78,343.0,2078,715,2.9,20.5,2,65.59,0.0956,0.1851,0.1311,0.1489,250.7,350,171.5,3,concurrency_test,1754398457,2.1,59.01
61,364.3,2064,746,4.5,20.5,2,63.86,0.0719,0.1164,0.0953,0.1046,251.2,350,182.14,4,concurrency_test,1754398461,2.0,65.83
67,330.6,2322,763,4.3,20.5,2,67.14,0.0822,0.2334,0.1609,0.2082,248.8,350,165.32,5,concurrency_test,1754398465,2.3,54.32
52,219.0,2352,520,5.4,20.6,2,77.89,0.0832,0.2025,0.1655,0.1822,248.9,350,109.48,6,concurrency_test,1754398470,2.4,24.21
65,247.5,2876,710,5.4,20.6,2,75.31,0.0938,0.2143,0.192,0.2094,249.7,350,123.77,7,concurrency_test,1754398475,2.9,30.55
57,23.9,2858,60,5.4,20.6,2,97.9,0.0881,0.1199,0.1159,0.1199,245.9,337,11.94,8,concurrency_test,1754398479,2.5,0.25
58,402.1,2054,915,5.3,20.6,2,55.45,0.0849,0.2339,0.1846,0.2259,248.3,350,201.06,9,concurrency_test,1754398484,2.3,89.57
69,213.4,2872,572,5.1,20.6,2,80.08,0.0824,0.1525,0.1171,0.1453,249.0,350,106.68,10,concurrency_test,1754398488,2.7,21.25
23,336.5,1464,1464,5.8,20.6,2,0.0,0.0676,0.0923,0.0823,0.0873,171.3,300,168.27,1,morning_ramp,1754398500,4.4,168.27
18,257.5,1254,1254,5.3,20.6,2,0.0,0.0694,0.09,0.0824,0.085,178.5,300,128.74,2,morning_ramp,1754398507,4.9,128.74
38,542.4,556,556,5.8,20.6,2,0.0,0.0658,0.0898,0.0829,0.0869,173.7,300,271.22,3,morning_ramp,1754398510,1.0,271.22
21,272.6,528,343,5.5,20.6,2,35.04,0.0681,0.1699,0.084,0.0874,175.3,298,136.31,4,morning_ramp,1754398513,1.3,88.55
27,187.6,1046,264,5.0,20.6,2,74.76,0.0705,0.1045,0.0917,0.1004,179.9,300,93.8,5,morning_ramp,1754398517,1.4,23.67
12,154.2,1104,642,5.3,20.5,2,41.85,0.0705,0.0935,0.0826,0.0854,173.3,299,77.11,6,morning_ramp,1754398523,4.2,44.84
25,305.2,944,600,5.7,20.5,2,36.44,0.0702,0.1153,0.09,0.1113,178.8,300,152.59,7,morning_ramp,1754398527,2.0,96.99
17,230.6,1428,1127,4.8,20.5,2,21.08,0.0701,0.0973,0.0838,0.0912,176.4,300,115.29,8,morning_ramp,1754398534,4.9,90.99
18,221.1,510,310,4.3,20.5,2,39.22,0.0701,0.1309,0.0835,0.0876,171.1,298,110.57,9,morning_ramp,1754398537,1.4,67.21
29,253.1,842,330,5.4,20.6,2,60.81,0.0767,0.1181,0.1087,0.1126,177.2,300,126.57,10,morning_ramp,1754398541,1.3,49.61
28,371.7,1132,888,5.3,20.5,2,21.55,0.0689,0.1136,0.0899,0.1066,148.3,200,185.86,1,evening_decline,1754398550,2.4,145.8
23,18.0,1026,16,4.5,20.5,2,98.44,0.0647,0.0723,0.0723,0.0723,130.6,195,9.02,2,evening_decline,1754398553,0.9,0.14
17,233.5,1008,964,4.3,20.5,2,4.37,0.0721,1.0843,0.086,0.1019,149.7,200,116.77,3,evening_decline,1754398559,4.1,111.67
26,26.4,664,16,4.1,20.5,2,97.59,0.0726,0.0843,0.0843,0.0843,153.4,188,13.2,4,evening_decline,1754398562,0.6,0.32
17,219.2,952,750,3.4,20.5,2,21.22,0.0723,1.0915,0.0914,0.1534,149.2,200,109.6,6,evening_decline,1754398568,3.4,86.34
30,437.9,872,872,3.9,20.5,2,0.0,0.0668,0.1105,0.084,0.0908,150.6,200,218.96,7,evening_decline,1754398572,2.0,218.96
22,312.6,1114,1114,2.7,20.5,2,0.0,0.0695,1.0779,0.0825,0.1241,150.3,200,156.28,8,evening_decline,1754398578,3.6,156.28
23,321.7,654,654,3.4,20.5,2,0.0,0.07,0.1087,0.0877,0.1062,149.6,200,160.85,9,evening_decline,1754398582,2.0,160.85
21,302.4,1066,981,3.2,20.5,2,7.97,0.0682,0.0902,0.0826,0.085,148.7,200,151.18,10,evening_decline,1754398587,3.2,139.13
33,400.2,1864,1249,3.4,20.5,2,32.99,0.0697,1.0696,0.0862,0.1085,271.9,400,200.09,1,lunch_spike,1754398598,3.1,134.07
28,40.7,1654,62,4.4,20.5,2,96.25,0.0765,0.1085,0.1064,0.1085,263.4,394,20.34,2,lunch_spike,1754398601,1.5,0.76
48,395.5,956,854,4.2,20.5,2,10.67,0.0676,1.068,0.0863,0.0918,277.3,400,197.77,3,lunch_spike,1754398605,2.2,176.67
31,348.8,928,584,5.0,20.5,2,37.07,0.0725,0.1366,0.103,0.1221,278.9,400,174.4,4,lunch_spike,1754398609,1.7,109.75
27,264.8,1828,799,5.1,20.5,2,56.29,0.0726,0.1576,0.1116,0.1506,274.1,400,132.39,8,lunch_spike,1754398618,3.0,57.87
28,348.2,910,665,5.3,20.5,2,26.92,0.0706,0.1159,0.0933,0.1069,271.9,400,174.11,9,lunch_spike,1754398622,1.9,127.23
39,524.0,1242,1014,5.2,20.5,2,18.36,0.067,0.0967,0.0857,0.0914,274.5,400,262.02,10,lunch_spike,1754398626,1.9,213.92
38,498.0,1532,1173,6.1,20.5,2,23.43,0.0658,0.0933,0.0826,0.0881,199.0,250,249.0,1,afternoon_drop,1754398635,2.4,190.65
33,216.1,1426,376,6.1,20.6,2,73.63,0.0695,0.1085,0.0949,0.1064,200.8,250,108.04,2,afternoon_drop,1754398639,1.7,28.49
27,255.0,1408,542,5.6,20.6,2,61.51,0.0678,0.0908,0.0833,0.088,201.0,250,127.49,3,afternoon_drop,1754398643,2.1,49.08
36,385.8,1064,587,5.3,20.6,2,44.83,0.0668,0.0949,0.0839,0.0895,201.1,250,192.88,4,afternoon_drop,1754398647,1.5,106.41
42,281.8,1322,422,6.6,20.5,2,68.08,0.0732,1.0664,0.1092,0.1213,200.3,250,140.9,5,afternoon_drop,1754398651,1.5,44.98
27,297.9,1352,692,6.2,20.5,2,48.82,0.0681,0.0968,0.0852,0.091,199.8,250,148.96,6,afternoon_drop,1754398655,2.3,76.24
40,231.0,1272,316,6.1,20.5,2,75.16,0.0665,0.0964,0.0855,0.0913,198.0,250,115.5,7,afternoon_drop,1754398658,1.4,28.69
32,170.1,1514,307,5.9,20.5,2,79.72,0.0786,0.129,0.1138,0.1248,203.0,250,85.04,8,afternoon_drop,1754398662,1.8,17.24
51,381.3,2064,888,5.6,20.5,2,56.98,0.0753,1.0772,0.1056,0.1263,271.5,450,190.64,1,volatile_traffic,1754398674,2.3,82.02
42,245.8,1854,609,4.9,20.5,2,67.15,0.0767,1.0727,0.1254,0.1415,274.0,450,122.88,2,volatile_traffic,1754398678,2.5,40.36
29,167.9,1818,355,4.5,20.5,2,80.47,0.0689,0.0966,0.0868,0.0936,270.8,449,83.93,3,volatile_traffic,1754398682,2.1,16.39
47,196.3,1128,223,3.9,20.5,2,80.23,0.0762,0.1272,0.112,0.1231,285.9,446,98.17,4,volatile_traffic,1754398686,1.1,19.41
60,338.5,1646,538,4.8,20.5,2,67.31,0.0684,0.1015,0.0853,0.0913,275.0,450,169.27,5,volatile_traffic,1754398689,1.6,55.33
29,323.5,1704,966,4.8,20.5,2,43.31,0.0694,0.1089,0.0869,0.0999,275.2,450,161.75,6,volatile_traffic,1754398694,3.0,91.7
56,586.0,1544,1022,3.9,20.5,2,33.81,0.0703,1.0701,0.0915,0.1067,278.7,450,293.01,7,volatile_traffic,1754398698,1.7,193.95
40,272.5,2028,654,4.8,20.5,2,67.75,0.0761,0.1441,0.1224,0.137,279.3,450,136.26,8,volatile_traffic,1754398703,2.4,43.94
42,374.8,1110,561,4.2,20.5,2,49.46,0.0722,0.1472,0.113,0.1392,271.2,450,187.39,9,volatile_traffic,1754398706,1.5,94.71
38,198.6,1934,403,5.9,20.6,2,79.16,0.0678,0.1165,0.0862,0.0916,275.2,449,99.28,10,volatile_traffic,1754398710,2.0,20.69
86,380.1,3464,1286,6.7,20.6,2,62.88,0.1008,0.203,0.1496,0.1771,398.0,500,190.07,1,stress_test,1754398721,3.4,70.56
77,255.9,3254,847,6.4,20.6,2,73.97,0.1128,0.3062,0.2201,0.2654,400.7,500,127.93,2,stress_test,1754398726,3.3,33.3
64,211.3,3218,631,6.6,20.6,2,80.39,0.0835,1.1034,0.1214,0.1651,401.8,500,105.64,3,stress_test,1754398731,3.0,20.71
82,39.5,2528,89,6.4,20.6,2,96.48,0.1748,0.2271,0.2221,0.2271,398.5,500,19.75,4,stress_test,1754398735,2.3,0.7
95,330.5,3046,1000,7.8,20.6,2,67.17,0.1191,1.1047,0.1975,0.2512,400.7,500,165.25,5,stress_test,1754398741,3.0,54.25
64,413.7,3104,1325,7.9,20.6,2,57.31,0.0823,1.1616,0.1374,0.1694,399.9,500,206.86,6,stress_test,1754398746,3.2,88.3
75,145.8,3428,459,7.1,20.6,2,86.61,0.0964,0.2102,0.1738,0.2061,399.5,500,72.89,8,stress_test,1754398754,3.1,9.76
77,388.2,2510,980,6.7,20.6,2,60.96,0.0965,0.2076,0.1573,0.1865,399.6,500,194.1,9,stress_test,1754398758,2.5,75.78
99,225.9,2842,608,8.0,20.7,2,78.61,0.1306,0.255,0.2167,0.2419,398.1,500,112.93,10,stress_test,1754398763,2.7,24.16
61,477.4,2464,1204,7.9,20.7,2,51.14,0.0764,0.4173,0.1197,0.1523,319.8,450,238.68,1,endurance_run,1754398773,2.5,116.63
52,279.1,2254,612,8.0,20.7,2,72.85,0.0674,0.0953,0.0855,0.0914,327.4,450,139.56,2,endurance_run,1754398777,2.2,37.89
39,249.7,2218,619,7.5,20.7,2,72.09,0.0743,1.077,0.1057,0.1232,325.3,450,124.83,3,endurance_run,1754398781,2.5,34.84
57,23.8,1528,32,7.2,20.7,2,97.91,0.128,0.146,0.145,0.146,302.9,445,11.92,4,endurance_run,1754398785,1.3,0.25
66,245.6,1944,656,7.3,20.6,2,66.26,0.0894,1.0725,0.1611,0.2125,332.4,450,122.8,7,endurance_run,1754398793,2.7,41.44
50,272.8,2428,800,6.4,20.6,2,67.05,0.0771,1.0775,0.131,0.1535,329.0,450,136.39,8,endurance_run,1754398798,2.9,44.94
52,239.7,1510,367,6.3,20.6,2,75.7,0.0752,0.1383,0.1153,0.1337,322.1,450,119.86,9,endurance_run,1754398802,1.5,29.13
48,89.2,2334,205,5.7,20.6,2,91.22,0.0894,1.1557,0.1341,0.1533,331.1,449,44.61,10,endurance_run,1754398806,2.3,3.92
106,554.5,4064,2534,6.0,20.6,2,37.65,0.1339,1.2315,0.2255,0.2938,372.1,500,277.25,1,peak_stress,1754398818,4.6,172.87
97,190.3,3854,700,5.4,20.7,2,81.84,0.1338,1.118,0.2307,0.2733,372.3,500,95.17,2,peak_stress,1754398823,3.7,17.29
84,256.4,3818,964,7.2,20.8,2,74.75,0.1189,1.0845,0.2113,0.2727,375.0,500,128.18,3,peak_stress,1754398829,3.8,32.36
115,114.5,3646,398,6.9,20.8,2,89.08,0.1714,0.3035,0.2764,0.2955,378.1,500,57.26,5,peak_stress,1754398838,3.5,6.25
84,284.8,3704,1050,7.2,20.8,2,71.65,0.1066,0.3208,0.2209,0.261,373.5,500,142.4,6,peak_stress,1754398843,3.7,40.37
111,261.5,4752,1229,7.9,20.8,2,74.14,0.1509,0.3449,0.2654,0.3278,376.2,500,130.77,7,peak_stress,1754398850,4.7,33.82
95,23.1,4716,95,7.6,20.8,2,97.99,0.179,0.2517,0.2446,0.2517,378.5,497,11.56,8,peak_stress,1754398856,4.1,0.23
97,338.6,3110,1064,8.1,20.8,2,65.79,0.1223,1.0887,0.1903,0.2175,373.2,500,169.32,9,peak_stress,1754398862,3.1,57.93
119,310.8,4746,1410,6.5,20.8,2,70.29,0.1384,0.3916,0.217,0.2492,375.7,500,155.4,10,peak_stress,1754398868,4.5,46.17
38,492.0,1532,1320,6.0,20.8,2,13.84,0.0724,0.1241,0.094,0.1082,497.8,600,246.0,1,cpu_intensive,1754398878,2.7,211.96
33,162.8,1426,402,7.1,20.8,2,71.81,0.0785,1.0755,0.1133,0.1587,493.9,600,81.39,2,cpu_intensive,1754398882,2.5,22.95
27,178.2,1408,310,6.6,20.8,2,77.98,0.0715,0.0995,0.0898,0.0985,503.4,600,89.1,3,cpu_intensive,1754398886,1.7,19.62
42,332.4,1322,585,9.0,20.7,2,55.75,0.0738,0.145,0.097,0.1304,498.3,600,166.2,5,cpu_intensive,1754398891,1.8,73.54
27,355.4,1352,1179,8.8,20.7,2,12.8,0.0727,1.0774,0.0892,0.0974,500.2,600,177.68,6,cpu_intensive,1754398896,3.3,154.95
40,239.5,1272,341,9.3,20.7,2,73.19,0.0777,0.1467,0.1198,0.1457,507.1,600,119.77,7,cpu_intensive,1754398900,1.4,32.11
32,198.6,1514,355,9.2,20.7,2,76.55,0.0744,0.1373,0.1076,0.1303,502.1,600,99.31,8,cpu_intensive,1754398904,1.8,23.29
44,29.1,1220,31,9.8,20.7,2,97.46,0.0957,0.1136,0.1115,0.1136,516.5,598,14.55,10,cpu_intensive,1754398908,1.1,0.37
28,351.6,1132,1132,9.2,20.7,2,0.0,0.0676,1.0654,0.0834,0.0973,99.0,150,175.81,1,long_duration,1754398918,3.2,175.81
23,269.7,1026,681,9.1,20.7,2,33.63,0.0713,1.0646,0.0962,0.1435,101.8,150,134.84,2,long_duration,1754398923,2.5,89.5
17,127.8,1008,199,7.9,20.7,2,80.26,0.0752,1.0717,0.086,0.1019,101.3,150,63.88,3,long_duration,1754398926,1.6,12.61
23,76.2,654,59,7.2,20.7,2,90.98,0.0758,0.1293,0.114,0.1293,96.4,146,38.11,9,long_duration,1754398933,0.8,3.44
34,492.5,820,820,6.4,20.7,2,0.0,0.0673,1.0717,0.0828,0.0882,99.0,150,246.23,10,long_duration,1754398937,1.7,246.23
7,90.7,206,206,0.4,20.3,3,0.0,0.076,0.0835,0.081,0.0823,49.3,80,30.23,1,micro_load,1754401078,2.3,30.23
5,66.4,202,202,0.4,20.3,3,0.0,0.0745,0.0842,0.0815,0.0832,50.1,80,22.14,2,micro_load,1754401083,3.0,22.14
7,90.4,116,116,0.3,20.3,3,0.0,0.0753,0.084,0.0805,0.084,51.5,80,30.14,3,micro_load,1754401086,1.3,30.14
9,119.8,180,180,0.4,20.4,3,0.0,0.0737,0.084,0.0814,0.084,50.7,80,39.95,4,micro_load,1754401090,1.5,39.95
5,65.6,188,188,0.5,20.4,3,0.0,0.0754,0.0826,0.0802,0.0822,50.8,80,21.88,5,micro_load,1754401095,2.9,21.88
8,104.5,168,168,0.5,20.4,3,0.0,0.075,0.0888,0.0819,0.0888,51.3,79,34.82,6,micro_load,1754401098,1.6,34.82
6,78.8,228,228,0.6,20.4,3,0.0,0.0753,0.095,0.0865,0.0938,53.0,80,26.28,7,micro_load,1754401103,2.9,26.28
7,91.6,112,112,0.6,20.4,3,0.0,0.0753,0.0962,0.0837,0.0911,48.4,80,30.52,8,micro_load,1754401107,1.2,30.52
9,119.7,154,154,0.9,20.4,3,0.0,0.0736,0.0933,0.083,0.0876,48.9,80,39.9,9,micro_load,1754401110,1.3,39.9
6,80.1,212,212,0.8,20.4,3,0.0,0.0739,0.0826,0.0803,0.0815,50.0,80,26.71,10,micro_load,1754401115,2.6,26.71
12,164.1,306,306,0.9,20.4,3,0.0,0.0719,0.0948,0.0826,0.0918,100.7,150,54.71,1,light_steady,1754401124,1.9,54.71
9,118.1,302,302,0.9,20.4,3,0.0,0.0747,0.0841,0.0807,0.083,101.7,150,39.38,2,light_steady,1754401128,2.6,39.38
13,171.9,216,216,1.0,20.4,3,0.0,0.0734,0.1113,0.0924,0.1093,101.0,150,57.31,3,light_steady,1754401132,1.3,57.31
13,132.1,232,232,0.9,20.4,3,0.0,0.0959,0.1892,0.1622,0.1828,99.4,150,44.04,4,light_steady,1754401135,1.8,44.04
9,119.2,288,288,1.1,20.4,3,0.0,0.0748,0.0853,0.0807,0.0839,100.4,149,39.74,5,light_steady,1754401140,2.4,39.74
15,201.6,268,268,1.1,20.4,3,0.0,0.0724,0.0914,0.0824,0.0884,98.6,150,67.2,6,light_steady,1754401143,1.3,67.2
11,145.8,328,328,1.0,20.4,3,0.0,0.0738,0.0857,0.0816,0.0835,102.8,150,48.6,7,light_steady,1754401148,2.2,48.6
12,164.6,212,212,1.2,20.4,3,0.0,0.0713,0.0873,0.0825,0.0853,98.4,150,54.87,8,light_steady,1754401151,1.3,54.87
11,143.5,316,316,1.2,20.4,3,0.0,0.0748,0.0843,0.0817,0.0835,99.9,150,47.82,9,light_steady,1754401155,2.2,47.82
10,132.5,312,312,1.4,20.4,3,0.0,0.0739,0.0836,0.0808,0.0829,98.2,150,44.17,10,light_steady,1754401160,2.4,44.17
16,215.2,512,512,1.4,20.4,3,0.0,0.0732,0.0875,0.0826,0.0843,141.4,200,71.74,1,moderate_consistent,1754401169,2.4,71.74
13,174.2,504,504,1.5,20.4,3,0.0,0.0737,0.0858,0.0816,0.0832,139.2,200,58.05,2,moderate_consistent,1754401174,2.9,58.05
17,230.5,332,332,1.4,20.4,3,0.0,0.0714,0.0859,0.0819,0.0832,141.9,200,76.82,3,moderate_consistent,1754401178,1.4,76.82
20,270.8,460,460,1.7,20.4,3,0.0,0.0714,0.0878,0.0828,0.0858,141.2,200,90.28,4,moderate_consistent,1754401181,1.7,90.28
13,178.1,476,476,1.6,20.4,3,0.0,0.0719,0.0858,0.0821,0.0839,139.1,200,59.37,5,moderate_consistent,1754401186,2.7,59.37
19,256.2,436,436,1.8,20.4,3,0.0,0.0718,0.0933,0.0818,0.0853,138.9,200,85.42,6,moderate_consistent,1754401190,1.7,85.42
15,202.0,556,556,1.7,20.4,3,0.0,0.0728,0.0853,0.0816,0.0836,142.6,200,67.33,7,moderate_consistent,1754401195,2.8,67.33
16,224.6,326,326,1.6,20.4,3,0.0,0.0693,0.0849,0.0817,0.0828,137.3,200,74.86,8,moderate_consistent,1754401198,1.5,74.86
15,204.8,532,532,1.9,20.4,3,0.0,0.0721,0.0857,0.0821,0.0844,138.8,200,68.26,9,moderate_consistent,1754401203,2.6,68.26
14,191.0,524,524,1.8,20.4,3,0.0,0.0724,0.0902,0.0821,0.0857,139.1,200,63.66,10,moderate_consistent,1754401208,2.7,63.66
22,309.4,712,712,1.9,20.4,3,0.0,0.0698,0.089,0.082,0.0849,184.7,250,103.12,1,business_hours,1754401217,2.3,103.12
19,259.7,704,704,2.2,20.4,3,0.0,0.0718,0.0923,0.0825,0.0866,186.0,250,86.57,2,business_hours,1754401222,2.7,86.57
23,316.7,532,532,2.1,20.4,3,0.0,0.0705,0.0942,0.0834,0.0877,186.0,250,105.58,3,business_hours,1754401226,1.7,105.58
23,325.6,566,566,2.6,20.4,3,0.0,0.0691,0.0899,0.0837,0.0888,185.1,250,108.52,4,business_hours,1754401229,1.7,108.52
19,265.7,676,676,2.6,20.4,3,0.0,0.0703,0.0909,0.0828,0.0868,184.1,250,88.58,5,business_hours,1754401234,2.5,88.58
25,353.5,636,636,2.6,20.4,3,0.0,0.0691,0.0872,0.0819,0.0843,186.7,250,117.82,6,business_hours,1754401238,1.8,117.82
21,294.9,756,756,2.4,20.4,3,0.0,0.07,0.0925,0.0833,0.0895,186.0,250,98.3,7,business_hours,1754401243,2.6,98.3
22,305.3,526,526,2.2,20.4,3,0.0,0.0704,0.0902,0.0832,0.0872,184.0,250,101.76,8,business_hours,1754401246,1.7,101.76
21,290.7,732,732,3.1,20.4,3,0.0,0.0706,0.0895,0.0835,0.087,184.8,250,96.89,9,business_hours,1754401251,2.5,96.89
20,281.2,724,724,3.0,20.4,3,0.0,0.07,0.0936,0.0841,0.0886,186.7,250,93.73,10,business_hours,1754401256,2.6,93.73
29,408.0,912,912,3.2,20.4,3,0.0,0.0694,0.0962,0.0852,0.09,224.6,300,136.01,1,peak_usage,1754401265,2.2,136.01
26,364.7,904,904,3.6,20.4,3,0.0,0.0699,0.0929,0.0837,0.0879,223.7,300,121.58,2,peak_usage,1754401269,2.5,121.58
30,419.7,732,732,3.7,20.4,3,0.0,0.0697,0.097,0.0864,0.0911,227.4,300,139.91,3,peak_usage,1754401273,1.7,139.91
33,458.5,860,860,3.4,20.4,3,0.0,0.0697,0.0966,0.0861,0.0906,224.4,300,152.84,4,peak_usage,1754401277,1.9,152.84
26,369.4,876,876,3.7,20.4,3,0.0,0.0693,0.0905,0.0834,0.0872,224.5,300,123.13,5,peak_usage,1754401282,2.4,123.13
32,246.3,836,259,3.7,20.4,3,69.02,0.0737,0.0946,0.0916,0.094,225.1,300,82.1,6,peak_usage,1754401285,1.1,25.44
28,204.5,956,278,3.5,20.4,3,70.92,0.083,0.1749,0.1377,0.1437,224.3,300,68.15,7,peak_usage,1754401288,1.4,19.82
29,297.6,726,344,4.2,20.4,3,52.62,0.0748,0.1296,0.1154,0.1266,224.2,300,99.2,8,peak_usage,1754401291,1.2,47.0
34,349.1,810,404,4.2,20.4,3,50.12,0.0711,0.1017,0.0901,0.096,225.4,300,116.38,9,peak_usage,1754401295,1.2,58.05
27,246.3,924,333,4.0,20.4,3,63.96,0.0725,0.1053,0.0915,0.1043,227.9,300,82.1,10,peak_usage,1754401298,1.4,29.59
48,494.0,1626,975,4.2,20.4,3,40.04,0.0717,0.1054,0.0915,0.0978,300.8,400,164.65,1,flash_traffic,1754401307,2.0,98.73
42,264.1,1608,436,4.0,20.4,3,72.89,0.07,0.0986,0.0863,0.0909,300.2,400,88.02,2,flash_traffic,1754401311,1.7,23.87
51,409.3,1264,557,3.8,20.4,3,55.93,0.075,0.1368,0.1036,0.1288,304.2,400,136.45,3,flash_traffic,1754401314,1.4,60.13
57,179.4,1522,243,3.4,20.4,3,84.03,0.0837,0.1706,0.1424,0.1686,299.1,400,59.79,4,flash_traffic,1754401318,1.4,9.55
42,246.7,1552,404,4.1,20.4,3,73.97,0.0806,0.1417,0.1227,0.1337,297.8,399,82.22,5,flash_traffic,1754401321,1.6,21.4
55,154.2,1472,213,3.8,20.4,3,85.53,0.0746,0.1227,0.0962,0.1051,296.3,400,51.4,6,flash_traffic,1754401325,1.4,7.44
47,287.9,1714,524,3.8,20.5,3,69.43,0.0674,0.1085,0.0877,0.0991,303.2,400,95.96,7,flash_traffic,1754401329,1.8,29.34
24,321.5,2026,1475,3.4,20.5,3,27.2,0.0668,0.1089,0.0837,0.0948,173.6,250,107.15,1,sustained_burst,1754401344,4.6,78.01
21,255.7,2008,1064,3.3,20.4,3,47.01,0.0672,0.097,0.0826,0.0857,174.4,250,85.24,2,sustained_burst,1754401350,4.2,45.17
25,256.9,1664,676,3.1,20.4,3,59.38,0.0658,0.0884,0.0825,0.0857,178.0,250,85.63,3,sustained_burst,1754401355,2.6,34.79
28,242.7,1922,640,3.0,20.4,3,66.7,0.0682,0.0927,0.0843,0.0886,174.2,250,80.9,4,sustained_burst,1754401360,2.6,26.94
21,275.4,1952,1305,2.4,20.4,3,33.15,0.0679,0.1367,0.0837,0.0968,175.5,250,91.81,5,sustained_burst,1754401367,4.7,61.38
27,253.5,1872,732,3.4,20.4,3,60.9,0.0701,0.1308,0.0945,0.1278,178.8,250,84.49,6,sustained_burst,1754401372,2.9,33.04
23,220.1,2114,740,3.1,20.4,3,65.0,0.0694,1.0726,0.0849,0.0924,176.1,250,73.38,7,sustained_burst,1754401377,3.4,25.69
29,41.7,1820,71,3.5,20.4,3,96.1,0.0767,0.1007,0.0967,0.1007,182.2,250,13.89,9,sustained_burst,1754401382,1.7,0.54
22,308.5,2048,1745,3.7,20.4,3,14.79,0.0681,0.1284,0.0838,0.0965,176.5,250,102.84,10,sustained_burst,1754401390,5.7,87.62
43,608.4,1426,1426,3.6,20.4,3,0.0,0.0692,1.0733,0.0877,0.095,399.7,500,202.81,1,cpu_spike,1754401399,2.3,202.81
37,396.1,1408,1112,3.4,20.4,3,21.02,0.0696,1.0649,0.0866,0.0926,399.8,500,132.04,2,cpu_spike,1754401404,2.8,104.28
46,330.1,1064,400,3.3,20.4,3,62.41,0.0729,0.135,0.1058,0.131,400.0,500,110.04,3,cpu_spike,1754401408,1.2,41.37
45,233.9,1134,295,3.9,20.4,3,73.99,0.0801,0.1773,0.146,0.1732,397.3,500,77.97,4,cpu_spike,1754401411,1.3,20.28
37,294.1,1352,511,3.7,20.4,3,62.2,0.0746,0.1616,0.1368,0.1548,401.1,499,98.03,5,cpu_spike,1754401415,1.7,37.05
50,242.0,1272,326,3.6,20.4,3,74.37,0.0814,0.19,0.1629,0.186,395.9,500,80.66,6,cpu_spike,1754401418,1.3,20.67
39,85.5,1448,125,5.3,20.5,3,91.37,0.0829,0.1417,0.1336,0.1407,398.1,499,28.49,10,cpu_spike,1754401425,1.5,2.46
19,272.4,1226,1226,5.5,20.4,3,0.0,0.0688,0.1243,0.0845,0.0982,62.2,100,90.81,1,io_heavy,1754401437,4.5,90.81
16,230.7,1208,1208,4.8,20.4,3,0.0,0.0689,0.0953,0.0816,0.084,61.8,100,76.91,2,io_heavy,1754401444,5.2,76.91
20,276.5,864,752,4.2,20.5,3,12.96,0.0684,0.1223,0.0819,0.0845,63.9,100,92.17,3,io_heavy,1754401449,2.7,80.23
23,66.9,1122,77,4.3,20.5,3,93.14,0.0683,0.0869,0.0821,0.0869,63.4,100,22.28,4,io_heavy,1754401452,1.2,1.53
24,79.5,1020,85,2.7,20.4,3,91.67,0.0726,0.0935,0.0915,0.0935,61.1,100,26.5,9,io_heavy,1754401459,1.1,2.21
17,246.1,1248,1248,2.3,20.4,3,0.0,0.0685,0.0921,0.0816,0.0851,63.1,100,82.04,10,io_heavy,1754401466,5.1,82.04
58,689.9,2426,1860,2.3,20.4,3,23.33,0.0684,0.1393,0.0874,0.1105,248.7,350,229.96,1,concurrency_test,1754401476,2.7,176.31
78,310.2,2078,632,2.4,20.4,3,69.59,0.0938,0.1755,0.1405,0.1603,251.5,350,103.39,2,concurrency_test,1754401480,2.0,31.44
61,367.5,2064,824,2.1,20.4,3,60.08,0.0857,0.1929,0.1407,0.1678,253.2,350,122.5,3,concurrency_test,1754401485,2.2,48.9
67,233.9,2322,509,3.4,20.5,3,78.08,0.0829,0.1595,0.1209,0.1485,246.8,350,77.96,4,concurrency_test,1754401489,2.2,17.09
52,306.2,2352,744,3.5,20.5,3,68.37,0.0746,0.1739,0.1347,0.1639,250.7,350,102.07,5,concurrency_test,1754401493,2.4,32.29
65,248.5,2876,666,3.3,20.5,3,76.84,0.0725,1.0804,0.0882,0.1027,251.6,350,82.83,6,concurrency_test,1754401498,2.7,19.18
57,25.8,2858,65,3.9,20.5,3,97.73,0.0995,0.1491,0.1369,0.1491,264.6,346,8.59,7,concurrency_test,1754401503,2.5,0.2
58,390.5,2054,838,4.0,20.5,3,59.2,0.0741,0.1732,0.1165,0.1333,248.0,350,130.15,8,concurrency_test,1754401507,2.1,53.1
69,330.1,2872,909,4.0,20.5,3,68.35,0.0795,0.1528,0.1139,0.1356,247.8,350,110.02,9,concurrency_test,1754401512,2.8,34.82
18,243.1,1254,1254,4.3,20.5,3,0.0,0.0734,0.2095,0.1123,0.1802,178.5,300,81.03,1,morning_ramp,1754401526,5.2,81.03
38,544.6,556,556,4.0,20.5,3,0.0,0.066,0.0922,0.0838,0.089,173.7,300,181.52,2,morning_ramp,1754401529,1.0,181.52
21,302.3,528,528,3.3,20.5,3,0.0,0.0673,0.091,0.082,0.0851,178.9,300,100.77,3,morning_ramp,1754401533,1.7,100.77
27,392.7,1046,1046,3.2,20.5,3,0.0,0.0672,0.1266,0.0845,0.1088,177.5,300,130.89,4,morning_ramp,1754401538,2.7,130.89
12,156.6,1104,686,3.1,20.4,3,37.86,0.0704,0.0878,0.0819,0.084,174.0,299,52.19,5,morning_ramp,1754401544,4.4,32.43
25,83.1,944,90,2.8,20.4,3,90.47,0.0988,0.1357,0.1327,0.1357,189.3,300,27.69,6,morning_ramp,1754401547,1.1,2.64
39,179.0,680,131,3.6,20.5,3,80.74,0.0757,0.1148,0.1048,0.1128,169.6,297,59.67,10,morning_ramp,1754401553,0.7,11.49
23,335.9,1026,1026,2.9,20.5,3,0.0,0.0674,0.1118,0.0827,0.1011,150.5,200,111.95,1,evening_decline,1754401563,3.1,111.95
17,225.6,1008,1008,2.8,20.5,3,0.0,0.0747,0.1951,0.1353,0.1774,149.9,200,75.2,2,evening_decline,1754401569,4.5,75.2
26,366.2,664,664,2.8,20.5,3,0.0,0.069,0.109,0.0851,0.0929,151.0,200,122.08,3,evening_decline,1754401573,1.8,122.08
25,317.9,734,462,2.7,20.5,3,37.06,0.0662,0.087,0.0833,0.0853,148.8,200,105.98,4,evening_decline,1754401577,1.5,66.71
17,56.2,952,61,2.7,20.5,3,93.59,0.088,0.1726,0.1323,0.1726,145.5,200,18.73,5,evening_decline,1754401580,1.1,1.2
30,297.5,872,480,2.3,20.5,3,44.95,0.0696,1.0736,0.0862,0.0964,148.5,200,99.17,6,evening_decline,1754401583,1.6,54.59
22,266.6,1114,767,1.9,20.5,3,31.15,0.0739,0.2055,0.1267,0.1796,150.4,200,88.86,7,evening_decline,1754401588,2.9,61.18
23,41.5,654,26,2.2,20.4,3,96.02,0.0747,0.1458,0.0839,0.1458,153.5,199,13.82,8,evening_decline,1754401591,0.6,0.55
21,307.5,1066,1057,2.1,20.4,3,0.84,0.0673,0.1132,0.0827,0.093,148.9,200,102.51,9,evening_decline,1754401597,3.4,101.64
19,277.3,1048,1048,2.4,20.5,3,0.0,0.0675,0.097,0.0823,0.0871,149.8,200,92.44,10,evening_decline,1754401602,3.8,92.44
28,405.6,1654,1654,2.9,20.4,3,0.0,0.068,0.1312,0.0843,0.1136,276.7,400,135.19,1,lunch_spike,1754401614,4.1,135.19
48,677.3,956,956,2.7,20.4,3,0.0,0.0672,0.1026,0.0855,0.0913,276.2,400,225.76,2,lunch_spike,1754401617,1.4,225.76
31,364.6,928,542,2.9,20.5,3,41.59,0.067,0.0984,0.0856,0.0929,279.4,400,121.53,3,lunch_spike,1754401621,1.5,70.98
37,16.6,1446,22,2.5,20.5,3,98.48,0.0752,0.093,0.0906,0.093,298.0,397,5.54,4,lunch_spike,1754401624,1.3,0.08
22,291.8,1504,1222,4.1,20.5,3,18.75,0.0708,0.1958,0.0911,0.1501,275.7,400,97.27,5,lunch_spike,1754401630,4.2,79.03
35,327.9,1344,579,4.4,20.5,3,56.92,0.0685,0.1234,0.0922,0.1153,275.3,400,109.29,6,lunch_spike,1754401634,1.8,47.08
49,13.5,1080,13,4.3,20.5,3,98.8,0.118,0.1347,0.1347,0.1347,250.1,344,4.49,10,lunch_spike,1754401641,1.0,0.05
33,482.0,1426,1426,4.6,20.4,3,0.0,0.0674,0.136,0.0867,0.1148,199.9,250,160.65,1,afternoon_drop,1754401651,3.0,160.65
27,321.0,1408,1407,4.4,20.4,3,0.07,0.0707,3.0678,0.0873,0.1123,199.9,250,107.01,2,afternoon_drop,1754401657,4.4,106.93
36,447.9,1064,743,4.6,20.4,3,30.17,0.0678,0.1087,0.087,0.0986,200.8,250,149.28,3,afternoon_drop,1754401661,1.7,104.25
42,323.2,1322,478,4.3,20.4,3,63.84,0.0658,1.0843,0.0795,0.0892,199.0,250,107.72,4,afternoon_drop,1754401664,1.5,38.95
27,59.8,1352,77,3.8,20.4,3,94.3,0.069,0.0896,0.0848,0.0896,205.2,249,19.93,5,afternoon_drop,1754401668,1.3,1.14
40,20.7,1272,24,3.9,20.4,3,98.11,0.0676,0.0898,0.0821,0.0898,197.7,248,6.9,6,afternoon_drop,1754401671,1.2,0.13
32,72.1,1514,106,3.9,20.4,3,93.0,0.0684,0.0902,0.0842,0.089,203.7,250,24.05,7,afternoon_drop,1754401675,1.5,1.68
29,57.4,1448,83,3.7,20.4,3,94.27,0.0779,0.1064,0.1013,0.1064,195.2,250,19.13,10,afternoon_drop,1754401680,1.4,1.1
42,623.5,1854,1854,2.9,20.4,3,0.0,0.0662,0.0966,0.0842,0.0889,273.6,450,207.85,1,volatile_traffic,1754401690,3.0,207.85
29,292.1,1818,789,2.8,20.4,3,56.6,0.0671,0.0951,0.0845,0.0898,273.7,450,97.37,2,volatile_traffic,1754401695,2.7,42.26
47,360.1,1128,449,2.4,20.4,3,60.2,0.0688,0.1246,0.0905,0.0976,284.3,449,120.05,3,volatile_traffic,1754401698,1.2,47.78
60,39.7,1646,58,3.0,20.4,3,96.48,0.0702,0.1581,0.0891,0.1581,267.6,444,13.23,4,volatile_traffic,1754401702,1.5,0.47
29,304.8,1704,832,2.5,20.4,3,51.17,0.07,0.1137,0.0977,0.1085,275.3,450,101.61,5,volatile_traffic,1754401707,2.7,49.61
56,301.9,1544,449,3.6,20.5,3,70.92,0.0711,1.0752,0.0977,0.1229,278.7,450,100.64,6,volatile_traffic,1754401710,1.5,29.27
40,180.8,2028,393,3.4,20.5,3,80.62,0.0753,0.1248,0.1047,0.1214,279.7,449,60.28,7,volatile_traffic,1754401714,2.2,11.68
42,456.9,1110,665,3.1,20.5,3,40.09,0.0668,0.093,0.0853,0.0884,273.2,450,152.3,8,volatile_traffic,1754401718,1.5,91.24
38,390.1,1934,1052,3.7,20.5,3,45.6,0.0692,0.1363,0.095,0.1192,276.6,450,130.02,9,volatile_traffic,1754401723,2.7,70.73
77,476.6,3254,1655,4.9,20.5,3,49.14,0.0965,0.2004,0.1463,0.1734,399.1,500,158.85,1,stress_test,1754401735,3.5,80.79
64,432.0,3218,1469,5.0,20.5,3,54.35,0.0828,0.2265,0.1414,0.1901,397.8,500,143.99,2,stress_test,1754401740,3.4,65.73
82,14.3,2528,32,4.8,20.5,3,98.73,0.1103,0.1823,0.1711,0.1823,375.9,481,4.78,3,stress_test,1754401745,2.2,0.06
95,347.8,3046,1097,5.5,20.5,3,63.99,0.1271,1.0973,0.2093,0.3022,399.5,500,115.94,4,stress_test,1754401750,3.2,41.76
64,228.9,3104,705,5.6,20.5,3,77.29,0.0942,0.5956,0.1708,0.1987,398.1,499,76.31,5,stress_test,1754401755,3.1,17.33
91,6.2,2944,16,5.8,20.5,3,99.46,0.0719,0.0841,0.0841,0.0841,399.2,496,2.08,6,stress_test,1754401760,2.6,0.01
99,313.4,2842,1018,5.5,20.5,3,64.18,0.1505,0.3565,0.2629,0.3233,404.6,500,104.47,9,stress_test,1754401770,3.2,37.42
68,449.5,3298,1592,5.1,20.5,3,51.73,0.0878,1.0813,0.183,0.2244,401.2,500,149.84,10,stress_test,1754401776,3.5,72.33
52,556.7,2254,1467,4.5,20.5,3,34.92,0.0693,0.1401,0.0913,0.1276,327.8,450,185.58,1,endurance_run,1754401785,2.6,120.78
39,58.7,2218,118,5.1,20.5,3,94.68,0.0773,0.1386,0.1124,0.1295,323.3,450,19.56,2,endurance_run,1754401790,2.0,1.04
57,7.4,1528,10,5.0,20.5,3,99.35,0.0704,0.0811,0.0811,0.0811,311.7,403,2.45,3,endurance_run,1754401793,1.4,0.02
70,64.6,2046,116,4.4,20.5,3,94.33,0.0943,0.1877,0.1755,0.1837,321.8,447,21.54,4,endurance_run,1754401797,1.8,1.22
39,31.1,2104,59,5.0,20.5,3,97.2,0.097,0.1169,0.1166,0.1169,315.9,447,10.36,5,endurance_run,1754401801,1.9,0.29
52,414.6,1510,718,4.2,20.5,3,52.45,0.0746,0.1448,0.1126,0.1308,328.9,450,138.2,8,endurance_run,1754401808,1.7,65.72
48,575.1,2334,1773,4.1,20.5,3,24.04,0.0686,0.1196,0.0883,0.0986,326.3,450,191.71,9,endurance_run,1754401814,3.1,145.63
43,232.4,2298,561,3.9,20.5,3,75.59,0.0762,0.1634,0.1329,0.1564,324.5,450,77.48,10,endurance_run,1754401818,2.4,18.92
97,286.0,3854,1086,4.7,20.5,3,71.82,0.1294,0.2619,0.208,0.2432,379.0,500,95.35,1,peak_stress,1754401829,3.8,26.87
84,181.8,3818,648,3.9,20.5,3,83.03,0.111,0.1914,0.1665,0.1851,374.7,500,60.61,2,peak_stress,1754401835,3.6,10.29
102,221.4,3128,663,4.2,20.5,3,78.8,0.1276,0.2666,0.2097,0.227,377.9,500,73.8,3,peak_stress,1754401840,3.0,15.64
115,299.4,3646,1088,4.0,20.5,3,70.16,0.1412,0.294,0.2204,0.246,377.3,500,99.8,4,peak_stress,1754401845,3.6,29.78
111,319.6,4752,1577,4.9,20.6,3,66.81,0.151,0.3261,0.2527,0.2846,376.8,500,106.55,6,peak_stress,1754401856,4.9,35.36
95,329.4,4716,1550,4.9,20.6,3,67.13,0.1199,0.216,0.1804,0.1966,375.1,500,109.81,7,peak_stress,1754401862,4.7,36.09
97,88.7,3110,258,4.2,20.6,3,91.7,0.1459,0.2887,0.2606,0.2767,376.5,500,29.56,8,peak_stress,1754401867,2.9,2.45
119,312.0,4746,1499,5.1,20.6,3,68.42,0.1586,0.3589,0.261,0.3124,375.8,500,104.0,9,peak_stress,1754401874,4.8,32.85
88,18.7,3898,64,5.2,20.6,3,98.36,0.1687,0.2285,0.2245,0.2285,376.2,500,6.25,10,peak_stress,1754401880,3.4,0.1
33,95.4,1426,142,5.0,20.6,3,90.04,0.0927,0.1845,0.1676,0.1835,491.5,600,31.79,1,cpu_intensive,1754401888,1.5,3.17
27,277.7,1408,1408,5.0,20.6,3,0.0,0.0747,3.0841,0.0974,0.1267,499.4,600,92.56,2,cpu_intensive,1754401895,5.1,92.56
36,494.5,1064,1063,5.1,20.5,3,0.09,0.0706,0.1062,0.0895,0.0972,502.9,600,164.83,3,cpu_intensive,1754401900,2.1,164.67
42,46.2,1322,55,4.6,20.5,3,95.84,0.0862,0.1173,0.1132,0.1173,497.7,595,15.4,4,cpu_intensive,1754401903,1.2,0.64
27,373.6,1352,1352,4.0,20.5,3,0.0,0.0713,0.0985,0.0882,0.0937,499.8,600,124.53,5,cpu_intensive,1754401909,3.6,124.53
40,161.9,1272,207,4.5,20.5,3,83.73,0.0739,0.1162,0.1006,0.1132,498.1,599,53.97,6,cpu_intensive,1754401912,1.3,8.78
32,41.7,1514,57,4.1,20.5,3,96.24,0.0857,0.1108,0.1088,0.1108,501.8,600,13.89,7,cpu_intensive,1754401915,1.4,0.52
33,38.9,1054,38,3.7,20.5,3,96.39,0.0814,0.1017,0.1017,0.1017,487.3,599,12.96,8,cpu_intensive,1754401918,1.0,0.47
44,72.7,1220,80,6.3,20.5,3,93.44,0.0748,0.119,0.1039,0.119,495.7,598,24.22,9,cpu_intensive,1754401922,1.1,1.59
29,29.9,1448,40,6.9,20.5,3,97.24,0.0753,0.1127,0.0969,0.1127,492.6,587,9.97,10,cpu_intensive,1754401925,1.3,0.28
23,339.2,1026,1026,5.7,20.5,3,0.0,0.067,0.0955,0.0831,0.0889,100.5,150,113.06,1,long_duration,1754401935,3.0,113.06
17,246.2,1008,1008,5.3,20.5,3,0.0,0.0683,0.0864,0.082,0.0836,99.9,150,82.08,2,long_duration,1754401941,4.1,82.08
26,382.9,664,664,5.0,20.5,3,0.0,0.0661,0.0913,0.0826,0.0889,101.0,150,127.64,3,long_duration,1754401945,1.7,127.64
32,387.1,922,922,4.7,20.5,3,0.0,0.067,1.0739,0.083,0.0882,99.9,150,129.03,4,long_duration,1754401949,2.4,129.03
17,247.8,952,952,3.3,20.5,3,0.0,0.0678,0.1012,0.0831,0.0862,100.1,150,82.62,5,long_duration,1754401955,3.8,82.62
30,437.4,872,760,2.5,20.5,3,12.84,0.0648,0.0905,0.0825,0.0865,100.7,150,145.8,6,long_duration,1754401959,1.7,127.07
22,260.6,1114,627,2.2,20.5,3,43.72,0.0682,0.1247,0.0865,0.1096,99.6,150,86.87,7,long_duration,1754401964,2.4,48.89
23,325.8,654,565,1.9,20.5,3,13.61,0.0673,0.0947,0.0833,0.0916,99.4,150,108.59,8,long_duration,1754401967,1.7,93.81
19,144.0,1048,231,2.9,20.5,3,77.96,0.0691,0.1024,0.0934,0.0974,100.7,150,48.01,10,long_duration,1754401972,1.6,10.58
5,67.8,202,202,0.3,20.2,4,0.0,0.0735,0.0859,0.0816,0.0836,50.1,80,16.95,1,micro_load,1754402349,3.0,16.95
7,93.0,116,116,0.3,20.2,4,0.0,0.073,0.0832,0.0804,0.082,51.5,80,23.25,2,micro_load,1754402352,1.2,23.25
9,125.0,180,180,0.3,20.2,4,0.0,0.0704,0.0833,0.0824,0.0833,50.7,80,31.25,3,micro_load,1754402356,1.4,31.25
5,70.6,188,188,0.4,20.3,4,0.0,0.07,0.0842,0.0819,0.0835,50.8,80,17.64,4,micro_load,1754402361,2.7,17.64
8,110.2,168,168,0.4,20.3,4,0.0,0.072,0.0831,0.0819,0.0831,51.3,79,27.55,5,micro_load,1754402364,1.5,27.55
6,82.1,228,228,0.5,20.3,4,0.0,0.0724,0.0847,0.082,0.0839,53.0,80,20.53,6,micro_load,1754402369,2.8,20.53
7,98.0,112,112,0.5,20.3,4,0.0,0.0702,0.0842,0.0821,0.0837,48.4,80,24.49,7,micro_load,1754402372,1.1,24.49
9,123.9,154,154,0.6,20.3,4,0.0,0.071,0.0847,0.0819,0.0842,48.9,80,30.98,8,micro_load,1754402376,1.2,30.98
6,81.5,212,212,0.6,20.3,4,0.0,0.0724,0.0835,0.082,0.0835,50.0,80,20.39,9,micro_load,1754402380,2.6,20.39
5,66.4,150,150,0.6,20.3,4,0.0,0.0736,0.0833,0.0812,0.0833,48.0,80,16.59,10,micro_load,1754402385,2.3,16.59
9,121.2,302,302,0.7,20.3,4,0.0,0.0732,0.084,0.0813,0.0829,101.7,150,30.29,1,light_steady,1754402394,2.5,30.29
13,181.6,216,216,0.7,20.3,4,0.0,0.0694,0.085,0.0821,0.0834,101.0,150,45.4,2,light_steady,1754402397,1.2,45.4
13,187.4,232,232,0.8,20.3,4,0.0,0.0674,0.0856,0.0818,0.0852,99.4,150,46.86,3,light_steady,1754402401,1.2,46.86
9,122.4,288,288,0.8,20.3,4,0.0,0.0722,0.0847,0.0817,0.0839,100.4,149,30.6,4,light_steady,1754402405,2.4,30.6
15,209.0,268,268,0.8,20.3,4,0.0,0.0686,0.0862,0.0813,0.0841,98.6,150,52.26,5,light_steady,1754402409,1.3,52.26
11,149.7,328,328,0.8,20.3,4,0.0,0.0728,0.0856,0.0817,0.0843,102.8,150,37.42,6,light_steady,1754402413,2.2,37.42
12,166.7,212,212,0.8,20.3,4,0.0,0.0696,0.0843,0.0816,0.0833,98.4,150,41.67,7,light_steady,1754402416,1.3,41.67
11,151.0,316,316,0.9,20.3,4,0.0,0.072,0.0848,0.0812,0.084,99.9,150,37.75,8,light_steady,1754402420,2.1,37.75
10,138.7,312,312,0.9,20.3,4,0.0,0.0707,0.084,0.0813,0.083,98.2,150,34.66,9,light_steady,1754402425,2.3,34.66
9,123.7,250,250,1.1,20.3,4,0.0,0.0715,0.0848,0.0817,0.0847,100.9,150,30.92,10,light_steady,1754402429,2.0,30.92
13,180.0,504,504,1.0,20.3,4,0.0,0.0711,0.0899,0.0817,0.0846,139.2,200,45.0,1,moderate_consistent,1754402439,2.8,45.0
17,238.0,332,332,1.1,20.3,4,0.0,0.0699,0.0876,0.0829,0.0848,141.9,200,59.5,2,moderate_consistent,1754402442,1.4,59.5
20,281.2,460,460,1.1,20.3,4,0.0,0.0694,0.0928,0.0824,0.0863,141.2,200,70.3,3,moderate_consistent,1754402446,1.6,70.3
13,179.1,476,476,1.2,20.3,4,0.0,0.0719,0.089,0.0815,0.0834,139.1,200,44.78,4,moderate_consistent,1754402450,2.7,44.78
19,266.5,436,436,1.2,20.3,4,0.0,0.0697,0.0869,0.0824,0.0849,138.9,200,66.64,5,moderate_consistent,1754402454,1.6,66.64
15,206.3,556,556,1.4,20.3,4,0.0,0.0715,0.0927,0.0818,0.0858,142.6,200,51.57,6,moderate_consistent,1754402459,2.7,51.57
16,213.3,326,326,1.3,20.3,4,0.0,0.0719,0.0871,0.0823,0.0838,137.3,200,53.33,7,moderate_consistent,1754402463,1.5,53.33
15,211.4,532,532,1.2,20.3,4,0.0,0.0697,0.0891,0.0821,0.0842,138.8,200,52.86,8,moderate_consistent,1754402467,2.5,52.86
14,193.7,524,524,1.4,20.3,4,0.0,0.0709,0.0864,0.0822,0.0851,139.1,200,48.42,9,moderate_consistent,1754402472,2.7,48.42
13,180.1,400,400,1.4,20.3,4,0.0,0.0715,0.0932,0.0818,0.0844,138.6,200,45.02,10,moderate_consistent,1754402476,2.2,45.02
19,263.4,704,704,1.6,20.3,4,0.0,0.0709,0.0893,0.0833,0.0872,186.0,250,65.86,1,business_hours,1754402486,2.7,65.86
23,321.1,532,532,1.7,20.3,4,0.0,0.069,0.0932,0.0823,0.0871,186.0,250,80.28,2,business_hours,1754402490,1.7,80.28
23,327.6,566,566,1.6,20.3,4,0.0,0.0685,0.0898,0.0822,0.0858,185.1,250,81.91,3,business_hours,1754402493,1.7,81.91
19,267.5,676,676,1.4,20.3,4,0.0,0.0698,0.0872,0.0828,0.0847,184.1,250,66.87,4,business_hours,1754402498,2.5,66.87
25,348.3,636,636,1.9,20.3,4,0.0,0.0701,0.0959,0.0842,0.0909,186.7,250,87.07,5,business_hours,1754402502,1.8,87.07
21,292.7,756,756,1.7,20.3,4,0.0,0.0703,0.0869,0.0827,0.0852,186.0,250,73.18,6,business_hours,1754402507,2.6,73.18
22,289.9,526,526,2.0,20.3,4,0.0,0.0738,0.1172,0.0997,0.1126,184.0,250,72.49,7,business_hours,1754402511,1.8,72.49
21,295.5,732,732,1.9,20.3,4,0.0,0.0698,0.0952,0.0833,0.0863,184.8,250,73.87,8,business_hours,1754402515,2.5,73.87
20,287.0,724,724,2.4,20.3,4,0.0,0.0686,0.0892,0.0821,0.0861,186.7,250,71.76,9,business_hours,1754402520,2.5,71.76
19,264.8,600,600,2.4,20.3,4,0.0,0.0704,0.0943,0.0836,0.0868,186.4,250,66.21,10,business_hours,1754402524,2.3,66.21
26,367.4,904,904,2.7,20.3,4,0.0,0.0697,0.0962,0.0846,0.0906,223.7,300,91.84,1,peak_usage,1754402534,2.5,91.84
30,418.3,732,732,2.7,20.3,4,0.0,0.0696,0.0929,0.0861,0.0906,227.4,300,104.57,2,peak_usage,1754402537,1.8,104.57
33,456.4,860,860,2.8,20.3,4,0.0,0.0703,0.0997,0.089,0.094,224.4,300,114.09,3,peak_usage,1754402541,1.9,114.09
26,331.1,876,876,2.7,20.3,4,0.0,0.0776,0.1355,0.1164,0.1315,224.5,300,82.77,4,peak_usage,1754402546,2.6,82.77
32,453.2,836,836,2.9,20.3,4,0.0,0.0691,0.0979,0.0852,0.0924,229.4,300,113.29,5,peak_usage,1754402550,1.8,113.29
28,322.3,956,568,2.8,20.3,4,40.59,0.072,0.1335,0.0932,0.1108,226.9,300,80.59,6,peak_usage,1754402554,1.8,47.88
29,205.9,726,192,2.7,20.3,4,73.55,0.0788,0.1449,0.1217,0.1369,229.9,300,51.47,7,peak_usage,1754402557,0.9,13.61
34,296.9,810,312,3.1,20.3,4,61.48,0.0713,0.1006,0.0898,0.0955,224.3,300,74.22,8,peak_usage,1754402560,1.1,28.59
27,253.3,924,332,3.0,20.3,4,64.07,0.0671,0.1024,0.0838,0.0872,227.8,300,63.31,9,peak_usage,1754402563,1.3,22.75
26,313.1,800,460,2.9,20.3,4,42.5,0.0681,0.0923,0.0822,0.0859,227.1,300,78.28,10,peak_usage,1754402567,1.5,45.01
42,448.0,1608,938,2.8,20.3,4,41.67,0.0703,0.1237,0.0886,0.0968,299.8,400,111.99,1,flash_traffic,1754402576,2.1,65.33
51,417.5,1264,556,2.9,20.3,4,56.01,0.07,0.1239,0.091,0.1028,303.3,400,104.37,2,flash_traffic,1754402579,1.3,45.91
57,225.8,1522,326,2.9,20.3,4,78.58,0.0865,0.1978,0.1675,0.1847,305.2,400,56.46,3,flash_traffic,1754402583,1.4,12.09
42,276.6,1552,475,2.9,20.3,4,69.39,0.077,0.1781,0.1381,0.1761,300.8,399,69.16,4,flash_traffic,1754402587,1.7,21.17
55,187.6,1472,274,3.1,20.3,4,81.39,0.099,0.1913,0.1546,0.1628,299.9,400,46.89,5,flash_traffic,1754402590,1.5,8.73
47,197.4,1714,307,2.9,20.3,4,82.09,0.0698,0.0991,0.0886,0.0941,305.0,400,49.35,6,flash_traffic,1754402594,1.6,8.84
48,314.9,1254,400,2.6,20.3,4,68.1,0.07,0.0972,0.0878,0.0932,299.0,400,78.72,7,flash_traffic,1754402597,1.3,25.11
21,294.5,2008,1801,2.5,20.3,4,10.31,0.0697,0.0956,0.083,0.0881,173.5,250,73.63,1,sustained_burst,1754402614,6.1,66.04
25,228.3,1664,675,2.6,20.3,4,59.44,0.0807,0.1972,0.1436,0.1845,178.0,250,57.07,2,sustained_burst,1754402619,3.0,23.15
28,243.2,1922,636,2.5,20.3,4,66.91,0.0701,0.1214,0.0866,0.0947,174.5,250,60.8,3,sustained_burst,1754402624,2.6,20.12
21,256.2,1952,1307,2.7,20.3,4,33.04,0.0743,0.1415,0.1019,0.1217,175.2,250,64.05,4,sustained_burst,1754402631,5.1,42.89
27,257.1,1872,733,2.3,20.3,4,60.84,0.0734,0.1254,0.0959,0.1142,178.6,250,64.27,5,sustained_burst,1754402636,2.9,25.17
23,221.4,2114,748,2.6,20.3,4,64.62,0.0706,0.0944,0.0853,0.0929,176.2,250,55.34,6,sustained_burst,1754402641,3.4,19.58
24,223.9,1654,576,2.6,20.3,4,65.18,0.0715,0.1187,0.089,0.0981,174.8,250,55.97,7,sustained_burst,1754402646,2.6,19.49
22,47.5,2048,92,2.8,20.3,4,95.51,0.0796,0.1148,0.1097,0.1148,174.8,249,11.88,9,sustained_burst,1754402651,1.9,0.53
21,273.9,1800,1548,2.6,20.3,4,14.0,0.0731,0.1232,0.0924,0.1049,177.1,250,68.47,10,sustained_burst,1754402659,5.7,58.88
37,372.9,1408,1408,2.6,20.3,4,0.0,0.0733,1.0738,0.0909,0.1043,399.4,500,93.21,1,cpu_spike,1754402670,3.8,93.21
46,606.0,1064,1064,2.6,20.3,4,0.0,0.0736,0.1385,0.0962,0.119,402.9,500,151.49,2,cpu_spike,1754402674,1.8,151.49
45,517.6,1134,841,2.3,20.3,4,25.84,0.0721,0.1267,0.0915,0.0988,399.9,500,129.39,3,cpu_spike,1754402677,1.6,95.96
37,216.5,1352,312,3.4,20.3,4,76.92,0.0731,0.1032,0.0931,0.0991,402.8,499,54.12,4,cpu_spike,1754402681,1.4,12.49
50,277.7,1272,339,3.4,20.3,4,73.35,0.072,0.1005,0.0914,0.096,396.8,500,69.41,5,cpu_spike,1754402684,1.2,18.5
42,273.3,1514,460,3.3,20.3,4,69.62,0.0709,1.084,0.0868,0.095,403.8,500,68.32,6,cpu_spike,1754402688,1.7,20.76
37,404.3,1200,814,3.7,20.3,4,32.17,0.0726,0.2102,0.1025,0.1901,401.6,500,101.07,10,cpu_spike,1754402696,2.0,68.56
16,231.9,1208,1208,4.2,20.3,4,0.0,0.0685,0.1165,0.0826,0.0915,61.8,100,57.98,1,io_heavy,1754402708,5.2,57.98
20,251.2,864,491,4.2,20.3,4,43.17,0.0672,0.09,0.0833,0.0866,64.2,100,62.8,2,io_heavy,1754402712,2.0,35.69
23,205.8,1122,333,4.1,20.3,4,70.32,0.0668,0.1552,0.0827,0.0895,62.6,100,51.45,3,io_heavy,1754402716,1.6,15.27
16,178.1,1152,447,3.6,20.3,4,61.2,0.0673,0.0884,0.0815,0.0845,62.3,100,44.52,4,io_heavy,1754402720,2.5,17.27
16,85.0,1000,112,2.7,20.3,4,88.8,0.0692,0.0929,0.0895,0.0909,63.4,100,21.24,10,io_heavy,1754402728,1.3,2.38
78,793.6,2078,2078,2.2,20.3,4,0.0,0.096,0.1822,0.1444,0.1651,249.0,350,198.4,1,concurrency_test,1754402738,2.6,198.4
61,411.3,2064,887,2.1,20.3,4,57.03,0.0781,0.1497,0.1198,0.1396,251.4,350,102.83,2,concurrency_test,1754402742,2.2,44.19
67,135.0,2322,292,1.9,20.3,4,87.42,0.0942,0.1562,0.141,0.1522,255.1,350,33.76,3,concurrency_test,1754402747,2.2,4.24
52,365.3,2352,997,2.2,20.4,4,57.61,0.0816,0.1309,0.1067,0.1172,249.1,350,91.33,4,concurrency_test,1754402751,2.7,38.71
65,255.9,2876,727,1.7,20.4,4,74.72,0.0841,0.1672,0.1401,0.1581,252.3,350,63.97,5,concurrency_test,1754402756,2.8,16.17
57,263.6,2858,752,2.7,20.4,4,73.69,0.0788,0.1637,0.13,0.1536,250.2,350,65.9,6,concurrency_test,1754402761,2.9,17.34
58,278.2,2054,575,2.7,20.4,4,72.01,0.0794,0.1737,0.1373,0.1576,244.9,350,69.55,7,concurrency_test,1754402765,2.1,19.47
69,10.0,2872,25,3.0,20.4,4,99.13,0.1182,0.1327,0.1317,0.1327,262.7,350,2.49,8,concurrency_test,1754402770,2.5,0.02
79,171.6,2140,364,3.3,20.4,4,82.99,0.1113,0.1974,0.1653,0.172,250.5,350,42.89,9,concurrency_test,1754402774,2.1,7.3
52,393.9,2972,1255,3.2,20.4,4,57.77,0.0705,0.1542,0.0954,0.129,251.9,350,98.49,10,concurrency_test,1754402779,3.2,41.59
38,514.8,556,556,2.9,20.4,4,0.0,0.0692,0.1289,0.0979,0.108,173.7,300,128.7,1,morning_ramp,1754402788,1.1,128.7
21,307.2,528,528,2.8,20.3,4,0.0,0.0663,0.0863,0.0811,0.0851,178.9,300,76.81,2,morning_ramp,1754402791,1.7,76.81
27,396.4,1046,1046,2.6,20.3,4,0.0,0.0669,0.1413,0.0835,0.1214,177.5,300,99.1,3,morning_ramp,1754402796,2.6,99.1
12,170.6,1104,1104,2.5,20.3,4,0.0,0.0697,0.1048,0.0828,0.0932,174.0,300,42.65,4,morning_ramp,1754402805,6.5,42.65
25,362.4,944,944,2.8,20.4,4,0.0,0.068,0.1037,0.0839,0.0877,176.8,300,90.59,5,morning_ramp,1754402809,2.6,90.59
17,142.3,1428,300,2.8,20.4,4,78.99,0.067,0.0866,0.0822,0.0859,187.6,300,35.57,6,morning_ramp,1754402814,2.1,7.47
18,261.3,510,510,2.6,20.4,4,0.0,0.0673,0.0889,0.0816,0.0849,173.7,299,65.33,7,morning_ramp,1754402818,2.0,65.33
29,262.9,842,302,2.7,20.3,4,64.13,0.0658,0.0919,0.0834,0.0869,172.6,300,65.72,8,morning_ramp,1754402821,1.1,23.57
39,307.6,680,267,2.7,20.3,4,60.74,0.0766,0.1543,0.1322,0.1513,173.2,300,76.9,9,morning_ramp,1754402824,0.9,30.19
12,162.1,800,800,2.8,20.3,4,0.0,0.0734,0.1154,0.0836,0.107,170.8,300,40.53,10,morning_ramp,1754402831,4.9,40.53
17,239.0,1008,1008,2.6,20.3,4,0.0,0.0706,0.1064,0.087,0.096,149.9,200,59.76,1,evening_decline,1754402842,4.2,59.76
26,307.7,664,396,2.5,20.3,4,40.36,0.0717,0.0946,0.0861,0.0908,151.9,200,76.92,2,evening_decline,1754402845,1.3,45.87
25,162.6,734,149,2.3,20.3,4,79.7,0.0775,0.16,0.0975,0.1016,151.9,199,40.65,3,evening_decline,1754402848,0.9,8.25
19,116.5,1048,158,2.0,20.3,4,84.92,0.0762,0.0961,0.0921,0.0961,149.7,200,29.11,9,evening_decline,1754402856,1.4,4.39
17,203.0,800,800,1.8,20.3,4,0.0,0.083,0.2026,0.134,0.2006,150.5,200,50.76,10,evening_decline,1754402862,3.9,50.76
48,627.8,956,956,1.5,20.3,4,0.0,0.0735,0.1111,0.0983,0.1074,276.2,400,156.95,1,lunch_spike,1754402870,1.5,156.95
31,437.2,928,928,1.4,20.3,4,0.0,0.0691,0.0972,0.085,0.0887,278.1,400,109.31,2,lunch_spike,1754402874,2.1,109.31
37,523.5,1446,1446,1.6,20.3,4,0.0,0.0692,0.1007,0.0876,0.0934,275.9,400,130.88,3,lunch_spike,1754402879,2.8,130.88
22,309.1,1504,1504,1.5,20.3,4,0.0,0.0705,1.0622,0.0831,0.087,275.7,400,77.27,4,lunch_spike,1754402886,4.9,77.27
35,313.7,1344,532,2.6,20.4,4,60.42,0.07,1.0817,0.0854,0.0902,275.7,400,78.43,5,lunch_spike,1754402890,1.7,31.05
27,89.2,1828,157,2.7,20.4,4,91.41,0.0718,0.1137,0.1057,0.1127,276.6,398,22.29,6,lunch_spike,1754402894,1.8,1.91
28,383.9,910,910,2.6,20.4,4,0.0,0.0715,0.1237,0.0928,0.1176,272.9,400,95.97,7,lunch_spike,1754402898,2.4,95.97
39,357.6,1242,551,3.2,20.3,4,55.64,0.0706,0.0996,0.0915,0.096,272.2,400,89.4,8,lunch_spike,1754402902,1.5,39.66
27,371.0,1408,1315,3.8,20.3,4,6.61,0.0706,0.1476,0.0888,0.1356,199.8,250,92.76,1,afternoon_drop,1754402914,3.5,86.63
36,497.9,1064,927,4.0,20.3,4,12.88,0.0689,0.1209,0.0906,0.1078,201.0,250,124.47,2,afternoon_drop,1754402918,1.9,108.44
42,349.5,1322,542,4.1,20.3,4,59.0,0.0744,0.1566,0.1089,0.125,200.2,250,87.37,3,afternoon_drop,1754402922,1.6,35.82
27,242.1,1352,474,3.8,20.3,4,64.94,0.0706,0.1154,0.0868,0.0919,200.0,250,60.53,4,afternoon_drop,1754402926,2.0,21.22
40,493.7,1272,944,3.7,20.3,4,25.79,0.0692,0.1014,0.0874,0.095,200.5,250,123.43,5,afternoon_drop,1754402930,1.9,91.6
32,180.8,1514,283,3.1,20.3,4,81.31,0.0681,0.0936,0.0856,0.0933,204.1,250,45.2,6,afternoon_drop,1754402934,1.6,8.45
33,251.1,1054,335,2.9,20.3,4,68.22,0.0746,0.1193,0.0942,0.0987,199.6,250,62.77,7,afternoon_drop,1754402937,1.3,19.95
44,322.9,1220,449,3.2,20.3,4,63.2,0.0796,0.1826,0.1512,0.1623,200.0,250,80.72,8,afternoon_drop,1754402940,1.4,29.71
29,164.2,1448,259,2.9,20.3,4,82.11,0.0737,0.1395,0.1166,0.1378,201.8,250,41.06,9,afternoon_drop,1754402944,1.6,7.34
27,211.8,1200,338,2.7,20.3,4,71.83,0.0718,0.1212,0.0958,0.1042,199.5,250,52.95,10,afternoon_drop,1754402948,1.6,14.92
29,227.7,1818,506,2.8,20.3,4,72.17,0.0707,0.0964,0.0875,0.0924,275.7,450,56.92,1,volatile_traffic,1754402957,2.2,15.84
47,496.8,1128,719,2.8,20.3,4,36.26,0.0743,0.166,0.1267,0.1609,285.5,449,124.2,2,volatile_traffic,1754402961,1.4,79.16
60,244.9,1646,378,2.6,20.3,4,77.04,0.0795,0.17,0.1569,0.1679,275.7,450,61.23,3,volatile_traffic,1754402964,1.5,14.06
29,205.0,1704,421,2.3,20.3,4,75.29,0.0744,0.1145,0.1034,0.1099,274.9,450,51.24,4,volatile_traffic,1754402968,2.1,12.66
56,21.6,1544,26,2.7,20.4,4,98.32,0.0684,0.0764,0.0752,0.0764,276.2,446,5.39,5,volatile_traffic,1754402972,1.2,0.09
40,76.9,2028,139,2.5,20.4,4,93.15,0.0987,0.1333,0.1293,0.1323,271.4,449,19.24,6,volatile_traffic,1754402975,1.8,1.32
42,211.0,1110,229,2.3,20.4,4,79.37,0.078,0.1588,0.1236,0.1326,273.2,449,52.74,7,volatile_traffic,1754402979,1.1,10.88
38,267.7,1934,572,2.2,20.4,4,70.42,0.0708,0.1084,0.0902,0.0969,275.5,450,66.92,8,volatile_traffic,1754402983,2.1,19.79
64,594.2,3218,1883,1.9,20.4,4,41.49,0.071,0.1055,0.0905,0.0982,398.9,500,148.54,1,stress_test,1754402996,3.2,86.92
82,613.2,2528,1446,2.0,20.4,4,42.8,0.0827,0.1534,0.1106,0.1319,401.5,500,153.3,2,stress_test,1754403000,2.4,87.69
95,385.4,3046,1104,2.0,20.4,4,63.76,0.107,0.2468,0.1823,0.2165,397.8,500,96.35,3,stress_test,1754403005,2.9,34.92
64,312.0,3104,896,2.7,20.4,4,71.13,0.0803,0.177,0.1432,0.1639,400.2,499,77.99,4,stress_test,1754403010,2.9,22.51
91,67.9,2944,164,2.8,20.4,4,94.43,0.1341,0.2236,0.2125,0.2206,399.5,496,16.97,5,stress_test,1754403015,2.4,0.95
75,294.9,3428,911,4.1,20.4,4,73.42,0.0945,0.564,0.1702,0.2037,400.6,500,73.73,6,stress_test,1754403020,3.1,19.59
77,242.0,2510,513,4.5,20.4,4,79.56,0.0775,0.2246,0.1113,0.1325,398.6,500,60.49,7,stress_test,1754403024,2.1,12.36
99,15.4,2842,36,4.7,20.4,4,98.73,0.0867,0.1135,0.1095,0.1135,400.1,495,3.86,8,stress_test,1754403028,2.3,0.05
68,375.2,3298,1195,4.5,20.4,4,63.77,0.0878,0.22,0.1683,0.2,402.0,500,93.81,9,stress_test,1754403034,3.2,33.99
65,356.1,2800,997,4.5,20.4,4,64.39,0.0927,0.2199,0.1821,0.2133,404.3,500,89.02,10,stress_test,1754403038,2.8,31.7
39,440.1,2218,1434,4.6,20.4,4,35.35,0.0715,0.2153,0.09,0.1793,326.0,450,110.04,1,endurance_run,1754403049,3.3,71.14
57,520.8,1528,867,4.0,20.4,4,43.26,0.0744,0.1777,0.1063,0.1317,327.3,450,130.19,2,endurance_run,1754403052,1.7,73.87
70,185.9,2046,348,3.6,20.4,4,82.99,0.1057,0.1932,0.1672,0.1856,321.9,450,46.47,3,endurance_run,1754403056,1.9,7.9
39,195.7,2104,430,4.0,20.4,4,79.56,0.0803,0.1498,0.1341,0.1433,324.8,450,48.93,4,endurance_run,1754403061,2.2,10.0
66,159.3,1944,272,3.8,20.4,4,86.01,0.0889,0.3028,0.1572,0.1672,324.1,450,39.83,5,endurance_run,1754403064,1.7,5.57
50,155.9,2428,340,4.0,20.4,4,86.0,0.0815,0.1812,0.1488,0.168,330.2,450,38.96,6,endurance_run,1754403069,2.2,5.46
43,193.4,2298,464,4.1,20.4,4,79.81,0.0815,0.1804,0.161,0.1774,322.9,450,48.36,9,endurance_run,1754403076,2.4,9.76
40,321.1,1800,712,3.8,20.4,4,60.44,0.0775,0.1799,0.1568,0.1768,326.4,450,80.27,10,endurance_run,1754403081,2.2,31.75
84,263.6,3818,882,3.3,20.4,4,76.9,0.0896,0.1889,0.1312,0.1727,377.2,500,65.89,1,peak_stress,1754403091,3.3,15.22
102,45.4,3128,135,3.1,20.4,4,95.68,0.1844,0.3111,0.2631,0.2921,376.2,500,11.34,2,peak_stress,1754403096,3.0,0.49
115,205.3,3646,766,2.9,20.4,4,78.99,0.1469,0.288,0.2347,0.2621,380.7,500,51.32,3,peak_stress,1754403102,3.7,10.78
84,24.7,3704,74,2.2,20.4,4,98.0,0.1103,0.1843,0.1626,0.1843,381.5,499,6.18,4,peak_stress,1754403107,3.0,0.12
111,57.9,4752,224,2.4,20.4,4,95.29,0.15,0.2882,0.2557,0.2667,374.7,497,14.47,5,peak_stress,1754403113,3.9,0.68
95,630.7,4716,3045,2.5,20.4,4,35.43,0.1125,0.3353,0.1719,0.2262,374.3,500,157.68,6,peak_stress,1754403120,4.8,101.81
97,371.1,3110,1064,2.5,20.4,4,65.79,0.115,0.2485,0.1856,0.2116,376.4,500,92.78,7,peak_stress,1754403125,2.9,31.74
119,229.5,4746,965,3.3,20.5,4,79.67,0.1404,1.1656,0.2413,0.2833,376.8,500,57.39,8,peak_stress,1754403131,4.2,11.67
88,109.1,3898,362,3.1,20.5,4,90.71,0.1091,0.2261,0.1878,0.2089,381.8,500,27.28,9,peak_stress,1754403136,3.3,2.53
85,267.0,4946,1206,3.9,20.5,4,75.62,0.1047,0.2392,0.1738,0.212,374.2,500,66.76,10,peak_stress,1754403143,4.5,16.28
27,293.3,1408,802,4.4,20.4,4,43.04,0.0725,0.1678,0.0945,0.1126,498.9,600,73.34,1,cpu_intensive,1754403153,2.7,41.77
36,453.1,1064,854,4.5,20.4,4,19.74,0.0711,0.1131,0.0904,0.1018,501.9,600,113.28,2,cpu_intensive,1754403157,1.9,90.92
42,385.6,1322,671,4.7,20.4,4,49.24,0.0715,0.1164,0.0894,0.1018,499.1,600,96.4,3,cpu_intensive,1754403161,1.7,48.93
40,8.0,1272,10,4.6,20.4,4,99.21,0.1075,0.122,0.122,0.122,497.3,600,2.01,5,cpu_intensive,1754403165,1.2,0.02
32,442.2,1514,1425,5.2,20.4,4,5.88,0.0705,0.1272,0.0887,0.1028,499.9,600,110.55,6,cpu_intensive,1754403170,3.2,104.05
33,420.6,1054,840,4.5,20.4,4,20.3,0.071,0.1242,0.0891,0.0987,499.7,600,105.16,7,cpu_intensive,1754403174,2.0,83.81
44,237.3,1220,315,4.1,20.4,4,74.18,0.0719,0.1022,0.0895,0.0972,499.9,599,59.33,8,cpu_intensive,1754403178,1.3,15.32
29,227.8,1448,461,4.4,20.4,4,68.16,0.0725,0.1124,0.0907,0.1016,494.9,600,56.94,9,cpu_intensive,1754403182,2.0,18.13
27,162.0,1200,247,4.5,20.4,4,79.42,0.071,0.0975,0.0877,0.0929,501.6,600,40.49,10,cpu_intensive,1754403186,1.5,8.33
17,189.4,1008,431,5.7,20.4,4,57.24,0.068,0.0944,0.0822,0.0844,100.9,150,47.35,1,long_duration,1754403195,2.3,20.24
26,342.2,664,464,5.4,20.4,4,30.12,0.0663,0.0932,0.0825,0.0873,101.7,150,85.55,2,long_duration,1754403198,1.4,59.78
32,422.3,922,672,4.9,20.4,4,27.11,0.0648,0.0891,0.0813,0.086,99.4,150,105.57,3,long_duration,1754403202,1.6,76.94
17,21.1,952,20,4.7,20.4,4,97.9,0.0782,0.1301,0.1301,0.1301,101.5,149,5.28,4,long_duration,1754403205,0.9,0.11
30,184.2,872,212,4.4,20.4,4,75.69,0.0739,0.1458,0.1327,0.1438,100.1,150,46.06,5,long_duration,1754403208,1.2,11.2
22,253.6,1114,560,3.8,20.4,4,49.73,0.068,0.0954,0.0826,0.0874,101.8,150,63.4,6,long_duration,1754403212,2.2,31.87
23,155.0,654,125,3.7,20.4,4,80.89,0.0695,0.0946,0.0846,0.0936,99.1,150,38.74,7,long_duration,1754403215,0.8,7.4
34,169.9,820,156,3.1,20.4,4,80.98,0.072,0.1071,0.101,0.1051,95.7,149,42.48,8,long_duration,1754403218,0.9,8.08
19,231.8,1048,607,2.4,20.4,4,42.08,0.0685,0.0948,0.0838,0.0912,99.5,150,57.96,9,long_duration,1754403223,2.6,33.57
17,127.4,800,156,2.0,20.4,4,80.5,0.0673,0.0926,0.0832,0.0904,99.4,150,31.85,10,long_duration,1754403226,1.2,6.21
